[2026-09-16 00:00:07] INFO: GET /profile?tab=account
[2026-09-16 00:00:07] INFO: GET /logo-aphim1.webp
[2026-09-16 00:00:07] INFO: GET /android-chrome-512x512.png
[2026-09-16 00:00:07] INFO: GET /api/settings/public
[2026-09-16 00:00:07] INFO: GET /api/movies/hidden/list
[2026-09-16 00:00:07] INFO: GET /api/gamification/leaderboard?timeframe=weekly&userId=2be1a5cc-d48d-4872-b366-3135128f361b
[2026-09-16 00:00:07] INFO: GET /favicon-32x32.png
[2026-09-16 00:00:09] INFO: GET /android-chrome-512x512.png
[2026-09-16 00:00:34] INFO: GET /api/comments/movie/dung-thanh
[2026-09-16 00:00:35] INFO: GET /manifest.json
[2026-09-16 00:00:35] INFO: GET /.well-known/appspecific/com.chrome.devtools.json
[2026-09-16 00:01:34] INFO: GET /api/comments/movie/dung-thanh
[2026-09-16 00:02:34] INFO: GET /api/comments/movie/dung-thanh
[2026-09-16 00:03:34] INFO: GET /api/comments/movie/dung-thanh
[2026-09-16 00:04:34] INFO: GET /api/comments/movie/dung-thanh
[2026-09-16 00:05:06] INFO: GET /profile?tab=account
[2026-09-16 00:05:06] INFO: GET /logo-aphim1.webp
[2026-09-16 00:05:06] INFO: GET /android-chrome-512x512.png
[2026-09-16 00:05:06] INFO: GET /api/settings/public
[2026-09-16 00:05:06] INFO: GET /api/movies/hidden/list
[2026-09-16 00:05:06] INFO: GET /api/gamification/leaderboard?timeframe=weekly&userId=2be1a5cc-d48d-4872-b366-3135128f361b
[2026-09-16 00:05:06] INFO: GET /favicon-32x32.png
[2026-09-16 00:05:13] INFO: GET /profile?tab=account
[2026-09-16 00:05:13] INFO: GET /logo-aphim1.webp
[2026-09-16 00:05:13] INFO: GET /android-chrome-512x512.png
[2026-09-16 00:05:13] INFO: GET /api/settings/public
[2026-09-16 00:05:13] INFO: GET /api/movies/hidden/list
[2026-09-16 00:05:13] INFO: GET /api/gamification/leaderboard?timeframe=weekly&userId=2be1a5cc-d48d-4872-b366-3135128f361b
[2026-09-16 00:05:14] INFO: GET /favicon-32x32.png
[2026-09-16 00:05:20] INFO: GET /favicon-32x32.png
[2026-09-16 00:05:22] INFO: GET /favicon-32x32.png
[2026-09-16 00:05:24] INFO: GET /manifest.json
[2026-09-16 00:05:24] INFO: GET /.well-known/appspecific/com.chrome.devtools.json
[2026-09-16 00:05:33] INFO: GET /api/comments/movie/dung-thanh
[2026-09-16 00:05:36] INFO: GET /.well-known/appspecific/com.chrome.devtools.json
[2026-09-16 00:06:03] INFO: GET /favicon-32x32.png
[2026-09-16 00:06:05] INFO: GET /favicon-32x32.png
[2026-09-16 00:06:05] INFO: GET /favicon-32x32.png
[2026-09-16 00:06:11] INFO: GET /api/gamification/leaderboard?timeframe=weekly&userId=2be1a5cc-d48d-4872-b366-3135128f361b
[2026-09-16 00:06:20] INFO: GET /favicon-32x32.png
[2026-09-16 00:06:33] INFO: GET /favicon-32x32.png
[2026-09-16 00:06:34] INFO: GET /api/comments/movie/dung-thanh
[2026-09-16 00:06:34] INFO: GET /favicon-32x32.png
[2026-09-16 00:06:39] INFO: GET /profile?tab=achievements
[2026-09-16 00:06:39] INFO: GET /logo-aphim1.webp
[2026-09-16 00:06:39] INFO: GET /android-chrome-512x512.png
[2026-09-16 00:06:39] INFO: GET /api/settings/public
[2026-09-16 00:06:39] INFO: GET /api/movies/hidden/list
[2026-09-16 00:06:39] INFO: GET /api/gamification/leaderboard?timeframe=weekly&userId=2be1a5cc-d48d-4872-b366-3135128f361b
[2026-09-16 00:06:39] INFO: GET /favicon-32x32.png
[2026-09-16 00:06:43] INFO: GET /api/gamification/leaderboard?timeframe=weekly&userId=2be1a5cc-d48d-4872-b366-3135128f361b
[2026-09-16 00:07:34] INFO: GET /api/comments/movie/dung-thanh
[2026-09-16 00:08:26] INFO: GET /profile?tab=achievements
[2026-09-16 00:08:26] INFO: GET /logo-aphim1.webp
[2026-09-16 00:08:26] INFO: GET /android-chrome-512x512.png
[2026-09-16 00:08:26] INFO: GET /api/settings/public
[2026-09-16 00:08:26] INFO: GET /api/movies/hidden/list
[2026-09-16 00:08:26] INFO: GET /api/gamification/leaderboard?timeframe=weekly&userId=2be1a5cc-d48d-4872-b366-3135128f361b
[2026-09-16 00:08:26] INFO: GET /favicon-32x32.png
[2026-09-16 00:08:29] INFO: GET /favicon-32x32.png
[2026-09-16 00:08:33] INFO: GET /api/comments/movie/dung-thanh
[2026-09-16 00:08:45] INFO: GET /favicon-32x32.png
[2026-09-16 00:10:29] INFO: GET /api/comments/stream/dung-thanh
[2026-09-16 00:10:34] INFO: GET /api/comments/movie/dung-thanh
[2026-09-16 00:11:01] INFO: GET /profile?tab=notifications
[2026-09-16 00:11:01] INFO: GET /logo-aphim1.webp
[2026-09-16 00:11:01] INFO: GET /android-chrome-512x512.png
[2026-09-16 00:11:01] INFO: GET /api/settings/public
[2026-09-16 00:11:01] INFO: GET /api/movies/hidden/list
[2026-09-16 00:11:01] INFO: GET /api/gamification/leaderboard?timeframe=weekly&userId=2be1a5cc-d48d-4872-b366-3135128f361b
[2026-09-16 00:11:02] INFO: GET /favicon-32x32.png
[2026-09-16 00:11:03] INFO: GET /favicon-32x32.png
[2026-09-16 00:11:13] INFO: GET /profile?tab=account
[2026-09-16 00:11:13] INFO: GET /logo-aphim1.webp
[2026-09-16 00:11:13] INFO: GET /android-chrome-512x512.png
[2026-09-16 00:11:13] INFO: GET /api/settings/public
[2026-09-16 00:11:13] INFO: GET /api/movies/hidden/list
[2026-09-16 00:11:13] INFO: GET /?login=true
[2026-09-16 00:11:13] INFO: GET /logo-aphim1.webp
[2026-09-16 00:11:13] INFO: GET /api/settings/public
[2026-09-16 00:11:13] INFO: GET /api/movies/hidden/list
[2026-09-16 00:11:13] INFO: GET /api/gamification/leaderboard?timeframe=weekly&userId=
[2026-09-16 00:11:16] INFO: GET /favicon-32x32.png
[2026-09-16 00:11:17] INFO: POST /api/auth/login
[2026-09-16 00:11:18] INFO: Login successful for demo1@gmail.com
[2026-09-16 00:11:20] INFO: GET /profile?tab=account
[2026-09-16 00:11:20] INFO: GET /logo-aphim1.webp
[2026-09-16 00:11:20] INFO: GET /android-chrome-512x512.png
[2026-09-16 00:11:20] INFO: GET /api/settings/public
[2026-09-16 00:11:20] INFO: GET /api/movies/hidden/list
[2026-09-16 00:11:20] INFO: GET /api/gamification/leaderboard?timeframe=weekly&userId=2be1a5cc-d48d-4872-b366-3135128f361b
[2026-09-16 00:11:20] INFO: GET /favicon-32x32.png
[2026-09-16 00:11:25] INFO: GET /favicon-32x32.png
[2026-09-16 00:11:26] INFO: GET /favicon-32x32.png
[2026-09-16 00:11:27] INFO: GET /favicon-32x32.png
[2026-09-16 00:11:28] INFO: GET /favicon-32x32.png
[2026-09-16 00:11:33] INFO: GET /profile?tab=notifications
[2026-09-16 00:11:33] INFO: GET /logo-aphim1.webp
[2026-09-16 00:11:33] INFO: GET /android-chrome-512x512.png
[2026-09-16 00:11:33] INFO: GET /api/settings/public
[2026-09-16 00:11:33] INFO: GET /api/movies/hidden/list
[2026-09-16 00:11:33] INFO: GET /api/gamification/leaderboard?timeframe=weekly&userId=2be1a5cc-d48d-4872-b366-3135128f361b
[2026-09-16 00:11:33] INFO: GET /favicon-32x32.png
[2026-09-16 00:11:35] INFO: GET /favicon-32x32.png
[2026-09-16 00:11:37] INFO: GET /favicon-32x32.png
[2026-09-16 00:11:39] INFO: GET /favicon-32x32.png
[2026-09-16 00:12:19] INFO: GET /profile?tab=account
[2026-09-16 00:12:19] INFO: GET /logo-aphim1.webp
[2026-09-16 00:12:19] INFO: GET /android-chrome-512x512.png
[2026-09-16 00:12:19] INFO: GET /api/settings/public
[2026-09-16 00:12:19] INFO: GET /api/movies/hidden/list
[2026-09-16 00:12:19] INFO: GET /api/gamification/leaderboard?timeframe=weekly&userId=2be1a5cc-d48d-4872-b366-3135128f361b
[2026-09-16 00:12:20] INFO: GET /favicon-32x32.png
[2026-09-16 00:12:42] INFO: GET /profile?tab=account
[2026-09-16 00:12:42] INFO: GET /logo-aphim1.webp
[2026-09-16 00:12:42] INFO: GET /android-chrome-512x512.png
[2026-09-16 00:12:42] INFO: GET /api/settings/public
[2026-09-16 00:12:42] INFO: GET /api/movies/hidden/list
[2026-09-16 00:12:42] INFO: GET /api/gamification/leaderboard?timeframe=weekly&userId=2be1a5cc-d48d-4872-b366-3135128f361b
[2026-09-16 00:12:43] INFO: GET /favicon-32x32.png
[2026-09-16 00:12:51] INFO: GET /favicon-32x32.png
[2026-09-16 00:13:01] INFO: GET /manifest.json
[2026-09-16 00:13:01] INFO: GET /.well-known/appspecific/com.chrome.devtools.json
[2026-09-16 00:13:25] INFO: GET /profile?tab=shop
[2026-09-16 00:13:25] INFO: GET /logo-aphim1.webp
[2026-09-16 00:13:25] INFO: GET /android-chrome-512x512.png
[2026-09-16 00:13:25] INFO: GET /api/settings/public
[2026-09-16 00:13:25] INFO: GET /api/movies/hidden/list
[2026-09-16 00:13:25] INFO: GET /api/gamification/leaderboard?timeframe=weekly&userId=2be1a5cc-d48d-4872-b366-3135128f361b
[2026-09-16 10:49:58] INFO: GET /admin
[2026-09-16 10:50:00] INFO: GET /admin/movies
[2026-09-16 10:50:01] INFO: GET /admin
[2026-09-16 10:50:01] INFO: GET /favicon.ico
[2026-09-16 10:55:46] INFO: GET /admin
[2026-09-16 10:55:46] INFO: GET /favicon.ico
[2026-09-16 10:55:47] INFO: GET /admin/users
[2026-09-16 11:06:15] INFO: GET /admin/subscriptions
[2026-09-16 11:06:16] INFO: GET /admin/users
[2026-09-16 11:06:18] INFO: GET /.well-known/appspecific/com.chrome.devtools.json
[2026-09-16 11:13:22] INFO: GET /admin/users
[2026-09-16 11:13:22] INFO: GET /api/admin/users?page=1&limit=20&search=&role=
[2026-09-16 11:13:22] INFO: GET /favicon.ico
[2026-09-16 11:13:26] INFO: GET /.well-known/appspecific/com.chrome.devtools.json
[2026-09-16 11:14:48] INFO: GET /admin/users
[2026-09-16 11:14:49] INFO: GET /admin/login
[2026-09-16 11:14:49] INFO: GET /api/admin/users?page=1&limit=20&search=&role=
[2026-09-16 11:14:49] INFO: GET /favicon.ico
[2026-09-16 11:14:50] INFO: POST /api/admin/login
[2026-09-16 11:14:50] INFO: GET /favicon.ico
[2026-09-16 11:15:02] INFO: POST /api/admin/login
[2026-09-16 11:15:07] INFO: POST /api/admin/login
[2026-09-16 11:15:34] INFO: GET /.well-known/appspecific/com.chrome.devtools.json
[2026-09-16 11:17:13] INFO: POST /api/admin/login
[2026-09-16 11:17:18] INFO: POST /api/admin/login
[2026-09-16 11:17:26] INFO: POST /api/admin/login
[2026-09-16 11:17:29] INFO: POST /api/admin/login
[2026-09-16 11:17:35] INFO: POST /api/admin/login
[2026-09-16 11:19:19] INFO: GET /admin/login
[2026-09-16 11:19:19] INFO: GET /favicon.ico
[2026-09-16 11:19:31] INFO: POST /api/admin/login
[2026-09-16 11:19:31] INFO: GET /favicon.ico
[2026-09-16 11:19:33] INFO: GET /admin
[2026-09-16 11:19:33] INFO: GET /api/admin/dashboard
[2026-09-16 11:19:36] INFO: GET /admin/users
[2026-09-16 11:19:36] INFO: GET /api/admin/users?page=1&limit=20&search=&role=
[2026-09-16 11:19:36] INFO: GET /api/admin/dashboard
[2026-09-16 11:19:50] INFO: GET /admin/subscriptions
[2026-09-16 11:19:50] INFO: GET /api/admin/dashboard
[2026-09-16 11:19:52] INFO: GET /admin/users
[2026-09-16 11:19:52] INFO: GET /api/admin/users?page=1&limit=20&search=&role=
[2026-09-16 11:19:53] INFO: GET /admin/movies
[2026-09-16 11:19:53] INFO: GET /api/admin/dashboard
[2026-09-16 11:19:55] INFO: GET /api/admin/dashboard
[2026-09-16 11:20:00] INFO: GET /admin/banners
[2026-09-16 11:20:00] INFO: GET /api/admin/dashboard
[2026-09-16 11:20:02] INFO: GET /admin/comments
[2026-09-16 11:20:03] INFO: GET /api/admin/dashboard
[2026-09-16 11:20:07] INFO: GET /admin/settings
[2026-09-16 11:20:07] INFO: GET /api/admin/dashboard
[2026-09-16 11:20:08] INFO: GET /admin/banners
[2026-09-16 11:20:09] INFO: GET /admin/comments
[2026-09-16 11:20:10] INFO: GET /api/admin/dashboard
[2026-09-16 11:20:10] INFO: GET /admin
[2026-09-16 11:20:14] INFO: GET /api/admin/dashboard
[2026-09-16 11:20:16] INFO: GET /admin/users
[2026-09-16 11:20:16] INFO: GET /api/admin/users?page=1&limit=20&search=&role=
[2026-09-16 11:20:17] INFO: GET /api/admin/dashboard
[2026-09-16 11:20:26] INFO: GET /api/admin/dashboard
[2026-09-16 11:20:44] INFO: GET /admin
[2026-09-16 11:20:45] INFO: GET /api/admin/dashboard
[2026-09-16 11:20:47] INFO: GET /
[2026-09-16 11:20:48] INFO: GET /logo-aphim1.webp
[2026-09-16 11:20:48] INFO: GET /api/settings/public
[2026-09-16 11:20:48] INFO: GET /api/movies/hidden/list
[2026-09-16 11:20:48] INFO: GET /manifest.json
[2026-09-16 11:20:48] INFO: GET /api/gamification/leaderboard?timeframe=weekly&userId=2be1a5cc-d48d-4872-b366-3135128f361b
[2026-09-16 11:20:48] INFO: GET /apple-touch-icon.png
[2026-09-16 11:20:49] INFO: GET /profile?tab=account
[2026-09-16 11:20:50] INFO: GET /logo-aphim1.webp
[2026-09-16 11:20:50] INFO: GET /android-chrome-512x512.png
[2026-09-16 11:20:50] INFO: GET /api/settings/public
[2026-09-16 11:20:50] INFO: GET /api/movies/hidden/list
[2026-09-16 11:20:50] INFO: GET /manifest.json
[2026-09-16 11:20:50] INFO: GET /api/gamification/leaderboard?timeframe=weekly&userId=2be1a5cc-d48d-4872-b366-3135128f361b
[2026-09-16 11:20:50] INFO: GET /apple-touch-icon.png
[2026-09-16 11:20:59] INFO: GET /admin/users
[2026-09-16 11:20:59] INFO: GET /api/admin/dashboard
[2026-09-16 11:20:59] INFO: GET /api/admin/users?page=1&limit=20&search=&role=
[2026-09-16 11:20:59] INFO: GET /favicon.ico
[2026-09-16 11:23:51] INFO: GET /admin/users
[2026-09-16 11:23:51] INFO: GET /api/admin/dashboard
[2026-09-16 11:23:51] INFO: GET /api/admin/users?page=1&limit=20&search=&role=
[2026-09-16 11:23:51] INFO: GET /favicon.ico
[2026-09-16 11:24:06] INFO: GET /profile?tab=account
[2026-09-16 11:24:06] INFO: GET /logo-aphim1.webp
[2026-09-16 11:24:06] INFO: GET /android-chrome-512x512.png
[2026-09-16 11:24:06] INFO: GET /api/settings/public
[2026-09-16 11:24:06] INFO: GET /api/movies/hidden/list
[2026-09-16 11:24:06] INFO: GET /manifest.json
[2026-09-16 11:24:06] INFO: GET /api/gamification/leaderboard?timeframe=weekly&userId=2be1a5cc-d48d-4872-b366-3135128f361b
[2026-09-16 11:24:07] INFO: GET /favicon-32x32.png
[2026-09-16 11:24:07] INFO: GET /apple-touch-icon.png
[2026-09-16 11:24:13] INFO: GET /admin/users
[2026-09-16 11:24:13] INFO: GET /api/admin/dashboard
[2026-09-16 11:24:13] INFO: GET /api/admin/users?page=1&limit=20&search=&role=
[2026-09-16 11:24:13] INFO: GET /favicon.ico
[2026-09-16 11:24:17] INFO: GET /api/admin/users?page=1&limit=20&search=&role=
[2026-09-16 11:24:18] INFO: GET /favicon.ico
[2026-09-16 11:24:27] INFO: GET /api/admin/users?page=1&limit=20&search=&role=
[2026-09-16 11:24:29] INFO: GET /api/admin/users?page=1&limit=20&search=&role=&status=blocked
[2026-09-16 11:24:31] INFO: GET /api/admin/users?page=1&limit=20&search=&role=
[2026-09-16 11:24:42] INFO: GET /admin/subscriptions
[2026-09-16 11:24:42] INFO: GET /api/admin/dashboard
[2026-09-16 11:24:44] INFO: GET /favicon.ico
[2026-09-16 11:24:52] INFO: GET /admin/users
[2026-09-16 11:24:52] INFO: GET /api/admin/dashboard
[2026-09-16 11:24:52] INFO: GET /api/admin/users?page=1&limit=20&search=&role=
[2026-09-16 11:24:56] INFO: GET /.well-known/appspecific/com.chrome.devtools.json
[2026-09-16 11:30:32] INFO: GET /
[2026-09-16 11:30:32] INFO: GET /logo-aphim1.webp
[2026-09-16 11:30:32] INFO: GET /api/settings/public
[2026-09-16 11:30:32] INFO: GET /api/movies/hidden/list
[2026-09-16 11:30:32] INFO: GET /manifest.json
[2026-09-16 11:30:32] INFO: GET /api/gamification/leaderboard?timeframe=weekly&userId=
[2026-09-16 11:30:32] INFO: GET /apple-touch-icon.png
[2026-09-16 11:30:52] INFO: POST /api/auth/register
[2026-09-16 11:30:52] INFO: New user registered: demo2@gmail.com
[2026-09-16 11:30:53] INFO: GET /api/notifications
[2026-09-16 11:30:55] INFO: GET /api/auth/me
[2026-09-16 11:30:57] INFO: GET /profile?tab=account
[2026-09-16 11:30:57] INFO: GET /logo-aphim1.webp
[2026-09-16 11:30:57] INFO: GET /android-chrome-512x512.png
[2026-09-16 11:30:57] INFO: GET /api/settings/public
[2026-09-16 11:30:57] INFO: GET /api/movies/hidden/list
[2026-09-16 11:30:57] INFO: GET /manifest.json
[2026-09-16 11:30:57] INFO: GET /api/notifications
[2026-09-16 11:30:57] INFO: GET /api/gamification/leaderboard?timeframe=weekly&userId=5b0ae8fe-ddc0-4445-aa1a-e1b9b9d529b9
[2026-09-16 11:30:57] INFO: GET /api/auth/me
[2026-09-16 11:30:57] INFO: GET /apple-touch-icon.png
[2026-09-16 11:31:02] INFO: PUT /api/auth/updatedetails
[2026-09-16 11:31:02] INFO: GET /api/auth/me
[2026-09-16 11:31:09] INFO: GET /api/auth/me
[2026-09-16 11:31:17] INFO: GET /api/auth/me
[2026-09-16 11:31:25] INFO: GET /api/auth/me
[2026-09-16 11:31:28] INFO: PUT /api/auth/updatedetails
[2026-09-16 11:31:28] INFO: PUT /api/auth/updatedetails
[2026-09-16 11:31:28] INFO: PUT /api/auth/updatedetails
[2026-09-16 11:31:28] INFO: GET /api/auth/me
[2026-09-16 11:31:32] INFO: GET /profile?tab=account
[2026-09-16 11:31:32] INFO: GET /logo-aphim1.webp
[2026-09-16 11:31:32] INFO: GET /android-chrome-512x512.png
[2026-09-16 11:31:32] INFO: GET /api/settings/public
[2026-09-16 11:31:32] INFO: GET /api/movies/hidden/list
[2026-09-16 11:31:32] INFO: GET /manifest.json
[2026-09-16 11:31:32] INFO: GET /api/notifications
[2026-09-16 11:31:32] INFO: GET /api/gamification/leaderboard?timeframe=weekly&userId=5b0ae8fe-ddc0-4445-aa1a-e1b9b9d529b9
[2026-09-16 11:31:32] INFO: GET /api/auth/me
[2026-09-16 11:31:34] INFO: GET /favicon-32x32.png
[2026-09-16 11:31:34] INFO: GET /apple-touch-icon.png
[2026-09-16 11:31:40] INFO: GET /api/auth/me
[2026-09-16 11:31:48] INFO: GET /api/auth/me
[2026-09-16 11:31:56] INFO: GET /api/auth/me
[2026-09-16 11:32:00] INFO: GET /danh-sach
[2026-09-16 11:32:00] INFO: GET /logo-aphim1.webp
[2026-09-16 11:32:00] INFO: GET /api/settings/public
[2026-09-16 11:32:00] INFO: GET /api/movies/hidden/list
[2026-09-16 11:32:00] INFO: GET /manifest.json
[2026-09-16 11:32:00] INFO: GET /api/notifications
[2026-09-16 11:32:00] INFO: GET /api/gamification/leaderboard?timeframe=weekly&userId=5b0ae8fe-ddc0-4445-aa1a-e1b9b9d529b9
[2026-09-16 11:32:00] INFO: GET /apple-touch-icon.png
[2026-09-16 11:32:00] INFO: GET /api/auth/me
[2026-09-16 11:32:02] INFO: GET /profile?tab=shop
[2026-09-16 11:32:02] INFO: GET /logo-aphim1.webp
[2026-09-16 11:32:02] INFO: GET /android-chrome-512x512.png
[2026-09-16 11:32:02] INFO: GET /api/settings/public
[2026-09-16 11:32:02] INFO: GET /api/movies/hidden/list
[2026-09-16 11:32:02] INFO: GET /manifest.json
[2026-09-16 11:32:02] INFO: GET /api/notifications
[2026-09-16 11:32:02] INFO: GET /api/gamification/leaderboard?timeframe=weekly&userId=5b0ae8fe-ddc0-4445-aa1a-e1b9b9d529b9
[2026-09-16 11:32:02] INFO: GET /api/auth/me
[2026-09-16 11:32:09] INFO: GET /api/admin/users?page=1&limit=20&search=&role=
[2026-09-16 11:32:10] INFO: GET /favicon.ico
[2026-09-16 11:32:19] INFO: GET /api/admin/users?page=1&limit=20&search=&role=
[2026-09-16 11:32:21] INFO: GET /api/auth/me
[2026-09-16 11:32:22] INFO: GET /api/auth/me
[2026-09-16 11:33:00] INFO: GET /api/auth/me
[2026-09-16 11:33:00] INFO: GET /api/auth/me
[2026-09-16 11:33:01] INFO: GET /api/auth/me
[2026-09-16 11:33:01] INFO: GET /api/auth/me
[2026-09-16 11:33:03] INFO: GET /apple-touch-icon.png
[2026-09-16 11:33:03] INFO: GET /profile?tab=account
[2026-09-16 11:33:03] INFO: GET /logo-aphim1.webp
[2026-09-16 11:33:03] INFO: GET /android-chrome-512x512.png
[2026-09-16 11:33:03] INFO: GET /api/settings/public
[2026-09-16 11:33:03] INFO: GET /api/movies/hidden/list
[2026-09-16 11:33:03] INFO: GET /manifest.json
[2026-09-16 11:33:03] INFO: GET /api/notifications
[2026-09-16 11:33:03] INFO: GET /api/gamification/leaderboard?timeframe=weekly&userId=5b0ae8fe-ddc0-4445-aa1a-e1b9b9d529b9
[2026-09-16 11:33:03] INFO: GET /api/auth/me
[2026-09-16 11:33:03] INFO: GET /favicon-32x32.png
[2026-09-16 11:33:03] INFO: GET /apple-touch-icon.png
[2026-09-16 11:33:06] INFO: GET /api/admin/users?page=1&limit=20&search=&role=
[2026-09-16 11:36:30] INFO: GET /api/admin/users?page=1&limit=20&search=&role=
[2026-09-16 11:36:53] INFO: GET /api/admin/users?page=1&limit=20&search=&role=
[2026-09-16 11:36:55] INFO: GET /api/auth/me
[2026-09-16 11:36:55] INFO: GET /api/auth/me
[2026-09-16 11:36:59] INFO: GET /api/auth/me
[2026-09-16 11:37:06] INFO: GET /api/auth/me
[2026-09-16 11:37:06] INFO: GET /api/auth/me
[2026-09-16 11:42:10] INFO: GET /api/auth/me
[2026-09-16 11:42:11] INFO: GET /api/auth/me
[2026-09-16 11:42:19] INFO: GET /api/auth/me
[2026-09-16 11:42:19] INFO: GET /api/auth/me
[2026-09-16 11:42:21] INFO: GET /
[2026-09-16 11:42:21] INFO: GET /logo-aphim1.webp
[2026-09-16 11:42:21] INFO: GET /api/settings/public
[2026-09-16 11:42:21] INFO: GET /api/movies/hidden/list
[2026-09-16 11:42:21] INFO: GET /manifest.json
[2026-09-16 11:42:21] INFO: GET /api/gamification/leaderboard?timeframe=weekly&userId=
[2026-09-16 11:42:21] INFO: GET /apple-touch-icon.png
[2026-09-16 11:42:23] INFO: POST /api/auth/login
[2026-09-16 11:42:24] INFO: Login successful for demo2@gmail.com
[2026-09-16 11:42:24] INFO: GET /api/auth/me
[2026-09-16 11:42:24] INFO: GET /api/notifications
[2026-09-16 11:42:25] INFO: PUT /api/auth/updatedetails
[2026-09-16 11:42:25] INFO: GET /api/auth/me
[2026-09-16 11:42:26] INFO: PUT /api/auth/updatedetails
[2026-09-16 11:42:26] INFO: GET /api/auth/me
[2026-09-16 11:42:26] INFO: GET /profile?tab=account
[2026-09-16 11:42:26] INFO: GET /logo-aphim1.webp
[2026-09-16 11:42:26] INFO: GET /android-chrome-512x512.png
[2026-09-16 11:42:26] INFO: GET /api/movies/hidden/list
[2026-09-16 11:42:26] INFO: GET /api/settings/public
[2026-09-16 11:42:26] INFO: GET /manifest.json
[2026-09-16 11:42:26] INFO: GET /api/notifications
[2026-09-16 11:42:26] INFO: GET /api/gamification/leaderboard?timeframe=weekly&userId=5b0ae8fe-ddc0-4445-aa1a-e1b9b9d529b9
[2026-09-16 11:42:26] INFO: GET /apple-touch-icon.png
[2026-09-16 11:42:26] INFO: GET /api/auth/me
[2026-09-16 11:42:27] INFO: GET /api/auth/me
[2026-09-16 11:42:28] INFO: GET /api/auth/me
[2026-09-16 11:42:29] INFO: GET /android-chrome-512x512.png
[2026-09-16 11:42:34] INFO: GET /api/auth/me
[2026-09-16 11:42:41] INFO: PUT /api/auth/updatedetails
[2026-09-16 11:42:41] INFO: PUT /api/auth/updatedetails
[2026-09-16 11:42:41] INFO: PUT /api/auth/updatedetails
[2026-09-16 11:42:41] INFO: GET /api/auth/me
[2026-09-16 11:42:41] INFO: PUT /api/auth/updatedetails
[2026-09-16 11:42:41] INFO: GET /api/auth/me
[2026-09-16 11:42:42] INFO: GET /api/auth/me
[2026-09-16 11:42:43] INFO: GET /profile?tab=shop
[2026-09-16 11:42:43] INFO: GET /logo-aphim1.webp
[2026-09-16 11:42:43] INFO: GET /android-chrome-512x512.png
[2026-09-16 11:42:43] INFO: GET /api/settings/public
[2026-09-16 11:42:43] INFO: GET /api/movies/hidden/list
[2026-09-16 11:42:43] INFO: GET /manifest.json
[2026-09-16 11:42:43] INFO: GET /api/notifications
[2026-09-16 11:42:43] INFO: GET /api/gamification/leaderboard?timeframe=weekly&userId=5b0ae8fe-ddc0-4445-aa1a-e1b9b9d529b9
[2026-09-16 11:42:43] INFO: GET /api/auth/me
[2026-09-16 11:42:50] INFO: GET /api/auth/me
[2026-09-16 11:42:53] INFO: PUT /api/auth/updatedetails
[2026-09-16 11:42:53] INFO: GET /api/auth/me
[2026-09-16 11:42:54] INFO: PUT /api/auth/updatedetails
[2026-09-16 11:42:54] INFO: GET /api/auth/me
[2026-09-16 11:42:55] INFO: GET /api/auth/me
[2026-09-16 11:42:56] INFO: GET /api/auth/me
[2026-09-16 11:42:57] INFO: GET /apple-touch-icon.png
[2026-09-16 11:42:57] INFO: GET /profile?tab=shop
[2026-09-16 11:42:57] INFO: GET /logo-aphim1.webp
[2026-09-16 11:42:57] INFO: GET /android-chrome-512x512.png
[2026-09-16 11:42:57] INFO: GET /api/settings/public
[2026-09-16 11:42:57] INFO: GET /api/movies/hidden/list
[2026-09-16 11:42:57] INFO: GET /manifest.json
[2026-09-16 11:42:57] INFO: GET /api/notifications
[2026-09-16 11:42:57] INFO: GET /api/gamification/leaderboard?timeframe=weekly&userId=5b0ae8fe-ddc0-4445-aa1a-e1b9b9d529b9
[2026-09-16 11:42:57] INFO: GET /api/auth/me
[2026-09-16 11:43:04] INFO: GET /api/admin/users?page=1&limit=20&search=&role=
[2026-09-16 11:43:12] INFO: GET /api/auth/me
[2026-09-16 11:43:13] INFO: GET /api/auth/me
[2026-09-16 11:43:17] INFO: GET /api/auth/me
[2026-09-16 11:43:19] INFO: PUT /api/auth/updatedetails
[2026-09-16 11:43:19] INFO: GET /api/auth/me
[2026-09-16 11:43:20] INFO: GET /api/auth/me
[2026-09-16 11:43:21] INFO: PUT /api/auth/updatedetails
[2026-09-16 11:43:21] INFO: GET /api/auth/me
[2026-09-16 11:43:23] INFO: GET /api/auth/me
[2026-09-16 11:43:28] INFO: PUT /api/auth/updatedetails
[2026-09-16 11:43:28] INFO: GET /api/auth/me
[2026-09-16 11:43:29] INFO: GET /api/auth/me
[2026-09-16 11:43:41] INFO: GET /api/auth/me
[2026-09-16 11:43:43] INFO: GET /api/auth/me
[2026-09-16 11:44:09] INFO: GET /api/admin/users?page=1&limit=20&search=&role=
[2026-09-16 11:44:15] INFO: GET /api/auth/me
[2026-09-16 11:44:16] INFO: GET /api/auth/me
[2026-09-16 11:44:16] INFO: GET /apple-touch-icon.png
[2026-09-16 11:44:16] INFO: GET /profile?tab=account
[2026-09-16 11:44:16] INFO: GET /logo-aphim1.webp
[2026-09-16 11:44:16] INFO: GET /android-chrome-512x512.png
[2026-09-16 11:44:16] INFO: GET /api/settings/public
[2026-09-16 11:44:16] INFO: GET /api/movies/hidden/list
[2026-09-16 11:44:16] INFO: GET /manifest.json
[2026-09-16 11:44:16] INFO: GET /api/notifications
[2026-09-16 11:44:16] INFO: GET /api/gamification/leaderboard?timeframe=weekly&userId=5b0ae8fe-ddc0-4445-aa1a-e1b9b9d529b9
[2026-09-16 11:44:16] INFO: GET /favicon-32x32.png
[2026-09-16 11:44:16] INFO: GET /apple-touch-icon.png
[2026-09-16 11:44:16] INFO: GET /api/auth/me
[2026-09-16 11:44:27] INFO: GET /api/admin/users?page=1&limit=20&search=&role=
[2026-09-16 11:44:46] INFO: GET /admin/users
[2026-09-16 11:44:46] INFO: GET /api/admin/dashboard
[2026-09-16 11:44:46] INFO: GET /api/admin/users?page=1&limit=20&search=&role=
[2026-09-16 11:44:46] INFO: GET /favicon.ico
[2026-09-16 11:44:48] INFO: GET /api/auth/me
[2026-09-16 11:44:49] INFO: GET /api/auth/me
[2026-09-16 11:45:03] INFO: GET /api/auth/me
[2026-09-16 11:45:05] INFO: GET /api/auth/me
[2026-09-16 11:45:12] INFO: GET /api/auth/me
[2026-09-16 11:45:26] INFO: GET /api/auth/me
[2026-09-16 11:45:26] INFO: GET /api/auth/me
[2026-09-16 11:45:27] INFO: GET /api/gamification/leaderboard?timeframe=weekly&userId=5b0ae8fe-ddc0-4445-aa1a-e1b9b9d529b9
[2026-09-16 11:45:32] INFO: GET /api/auth/me
[2026-09-16 11:45:40] INFO: GET /api/auth/me
[2026-09-16 11:45:47] INFO: GET /api/auth/me
[2026-09-16 11:46:02] INFO: GET /api/auth/me
[2026-09-16 11:46:03] INFO: GET /api/auth/me
[2026-09-16 11:46:06] INFO: GET /
[2026-09-16 11:46:06] INFO: GET /logo-aphim1.webp
[2026-09-16 11:46:06] INFO: GET /api/settings/public
[2026-09-16 11:46:06] INFO: GET /api/movies/hidden/list
[2026-09-16 11:46:06] INFO: GET /api/gamification/leaderboard?timeframe=weekly&userId=
[2026-09-16 11:46:10] INFO: GET /favicon-32x32.png
[2026-09-16 11:46:23] INFO: POST /api/auth/login
[2026-09-16 11:46:24] INFO: Login successful for demo1@gmail.com
[2026-09-16 11:46:27] INFO: GET /profile?tab=account
[2026-09-16 11:46:27] INFO: GET /logo-aphim1.webp
[2026-09-16 11:46:27] INFO: GET /android-chrome-512x512.png
[2026-09-16 11:46:27] INFO: GET /api/settings/public
[2026-09-16 11:46:27] INFO: GET /api/movies/hidden/list
[2026-09-16 11:46:27] INFO: GET /api/gamification/leaderboard?timeframe=weekly&userId=2be1a5cc-d48d-4872-b366-3135128f361b
[2026-09-16 11:46:27] INFO: GET /favicon-32x32.png
[2026-09-16 11:46:31] INFO: GET /favicon-32x32.png
[2026-09-16 11:46:35] INFO: GET /api/auth/me
[2026-09-16 11:46:36] INFO: GET /api/auth/me
[2026-09-16 11:48:06] INFO: GET /api/auth/me
[2026-09-16 11:48:07] INFO: GET /api/auth/me
[2026-09-16 11:48:11] INFO: GET /api/auth/me
[2026-09-16 11:48:57] INFO: GET /api/auth/me
[2026-09-16 11:48:59] INFO: GET /api/auth/me
[2026-09-16 11:49:24] INFO: GET /api/auth/me
[2026-09-16 11:49:24] INFO: GET /api/auth/me
[2026-09-16 11:49:34] INFO: GET /api/auth/me
[2026-09-16 11:49:35] INFO: GET /api/auth/me
[2026-09-16 11:49:49] INFO: GET /api/auth/me
[2026-09-16 11:49:50] INFO: GET /api/auth/me
[2026-09-16 11:49:56] INFO: GET /api/auth/me
[2026-09-16 11:49:57] INFO: GET /api/auth/me
[2026-09-16 11:49:59] INFO: GET /api/auth/me
[2026-09-16 11:50:00] INFO: GET /api/auth/me
[2026-09-16 11:50:04] INFO: GET /api/auth/me
[2026-09-16 11:50:08] INFO: PUT /api/auth/updatedetails
[2026-09-16 11:50:08] INFO: PUT /api/auth/updatedetails
[2026-09-16 11:50:08] INFO: PUT /api/auth/updatedetails
[2026-09-16 11:50:08] INFO: GET /api/auth/me
[2026-09-16 11:50:09] INFO: GET /api/auth/me
[2026-09-16 11:50:09] INFO: PUT /api/auth/updatedetails
[2026-09-16 11:50:10] INFO: GET /api/auth/me
[2026-09-16 11:50:11] INFO: GET /api/auth/me
[2026-09-16 11:50:12] INFO: GET /api/auth/me
[2026-09-16 11:50:13] INFO: GET /api/auth/me
[2026-09-16 11:50:15] INFO: GET /api/admin/users?page=1&limit=20&search=&role=
[2026-09-16 11:50:15] INFO: GET /favicon.ico
[2026-09-16 11:55:58] INFO: GET /api/auth/me
[2026-09-16 11:56:00] INFO: GET /api/auth/me
[2026-09-16 11:56:01] INFO: GET /api/auth/me
[2026-09-16 11:56:02] INFO: GET /api/auth/me
[2026-09-16 11:56:19] INFO: GET /api/auth/me
[2026-09-16 11:56:20] INFO: GET /api/auth/me
[2026-09-16 11:56:24] INFO: GET /api/auth/me
[2026-09-16 12:09:56] INFO: GET /api/auth/me
[2026-09-16 12:09:58] INFO: GET /api/auth/me
[2026-09-16 12:09:59] INFO: GET /
[2026-09-16 12:09:59] INFO: GET /logo-aphim1.webp
[2026-09-16 12:09:59] INFO: GET /api/settings/public
[2026-09-16 12:09:59] INFO: GET /api/movies/hidden/list
[2026-09-16 12:09:59] INFO: GET /manifest.json
[2026-09-16 12:09:59] INFO: GET /api/gamification/leaderboard?timeframe=weekly&userId=
[2026-09-16 12:09:59] INFO: GET /apple-touch-icon.png
[2026-09-16 12:10:04] INFO: GET /
[2026-09-16 12:10:04] INFO: GET /logo-aphim1.webp
[2026-09-16 12:10:04] INFO: GET /api/settings/public
[2026-09-16 12:10:04] INFO: GET /api/movies/hidden/list
[2026-09-16 12:10:04] INFO: GET /manifest.json
[2026-09-16 12:10:04] INFO: GET /api/gamification/leaderboard?timeframe=weekly&userId=
[2026-09-16 12:10:04] INFO: GET /favicon-32x32.png
[2026-09-16 12:10:04] INFO: GET /apple-touch-icon.png
[2026-09-16 12:11:26] INFO: POST /api/auth/register
[2026-09-16 12:11:30] INFO: New user registered: demo3@gmail.com
[2026-09-16 12:11:30] INFO: GET /api/notifications
[2026-09-16 12:11:32] INFO: GET /api/auth/me
[2026-09-16 12:11:33] INFO: GET /profile?tab=account
[2026-09-16 12:11:33] INFO: GET /logo-aphim1.webp
[2026-09-16 12:11:33] INFO: GET /android-chrome-512x512.png
[2026-09-16 12:11:33] INFO: GET /api/settings/public
[2026-09-16 12:11:33] INFO: GET /api/movies/hidden/list
[2026-09-16 12:11:33] INFO: GET /manifest.json
[2026-09-16 12:11:33] INFO: GET /api/notifications
[2026-09-16 12:11:33] INFO: GET /api/gamification/leaderboard?timeframe=weekly&userId=203fd707-328e-4080-9593-18bc9c9dbc9c
[2026-09-16 12:11:33] INFO: GET /api/auth/me
[2026-09-16 12:11:33] INFO: GET /apple-touch-icon.png
[2026-09-16 12:11:39] INFO: GET /android-chrome-512x512.png
[2026-09-16 12:11:41] INFO: GET /api/auth/me
[2026-09-16 12:11:43] INFO: GET /android-chrome-512x512.png
[2026-09-16 12:11:46] INFO: PUT /api/auth/updatedetails
[2026-09-16 12:11:46] INFO: GET /api/auth/me
[2026-09-16 12:11:53] INFO: GET /api/auth/me
[2026-09-16 12:11:57] INFO: PUT /api/auth/updatedetails
[2026-09-16 12:11:57] INFO: PUT /api/auth/updatedetails
[2026-09-16 12:11:57] INFO: PUT /api/auth/updatedetails
[2026-09-16 12:11:57] INFO: GET /api/auth/me
[2026-09-16 12:12:05] INFO: GET /api/auth/me
[2026-09-16 12:12:08] INFO: GET /profile?tab=account
[2026-09-16 12:12:09] INFO: GET /logo-aphim1.webp
[2026-09-16 12:12:09] INFO: GET /android-chrome-512x512.png
[2026-09-16 12:12:09] INFO: GET /api/settings/public
[2026-09-16 12:12:09] INFO: GET /api/movies/hidden/list
[2026-09-16 12:12:09] INFO: GET /manifest.json
[2026-09-16 12:12:09] INFO: GET /api/notifications
[2026-09-16 12:12:09] INFO: GET /api/gamification/leaderboard?timeframe=weekly&userId=203fd707-328e-4080-9593-18bc9c9dbc9c
[2026-09-16 12:12:09] INFO: GET /api/auth/me
[2026-09-16 12:12:17] INFO: GET /api/auth/me
[2026-09-16 12:12:22] INFO: GET /api/auth/me
[2026-09-16 12:12:27] INFO: GET /api/auth/me
[2026-09-16 12:12:30] INFO: GET /api/auth/me
[2026-09-16 12:12:31] INFO: GET /api/auth/me
[2026-09-16 12:12:34] INFO: GET /api/auth/me
[2026-09-16 12:13:34] INFO: GET /api/auth/me
[2026-09-16 12:13:35] INFO: GET /api/auth/me
[2026-09-16 12:13:40] INFO: GET /android-chrome-512x512.png
[2026-09-16 12:13:41] INFO: GET /api/auth/me
[2026-09-16 12:13:49] INFO: GET /api/auth/me
[2026-09-16 12:13:54] INFO: PUT /api/auth/updatedetails
[2026-09-16 12:14:13] INFO: GET /api/auth/me
[2026-09-16 12:14:13] INFO: GET /api/auth/me
[2026-09-16 12:14:14] INFO: GET /apple-touch-icon.png
[2026-09-16 12:14:14] INFO: GET /profile?tab=account
[2026-09-16 12:14:14] INFO: GET /logo-aphim1.webp
[2026-09-16 12:14:14] INFO: GET /android-chrome-512x512.png
[2026-09-16 12:14:14] INFO: GET /api/settings/public
[2026-09-16 12:14:14] INFO: GET /api/movies/hidden/list
[2026-09-16 12:14:14] INFO: GET /manifest.json
[2026-09-16 12:14:14] INFO: GET /api/notifications
[2026-09-16 12:14:14] INFO: GET /api/gamification/leaderboard?timeframe=weekly&userId=203fd707-328e-4080-9593-18bc9c9dbc9c
[2026-09-16 12:14:14] INFO: GET /api/auth/me
[2026-09-16 12:14:14] INFO: GET /favicon-32x32.png
[2026-09-16 12:14:14] INFO: GET /apple-touch-icon.png
[2026-09-16 12:14:25] INFO: GET /api/auth/me
[2026-09-16 12:14:26] INFO: GET /api/auth/me
[2026-09-16 12:18:30] INFO: GET /api/auth/me
[2026-09-16 12:18:32] INFO: GET /api/auth/me
[2026-09-16 12:18:36] INFO: GET /profile?tab=account
[2026-09-16 12:18:36] INFO: GET /logo-aphim1.webp
[2026-09-16 12:18:36] INFO: GET /android-chrome-512x512.png
[2026-09-16 12:18:36] INFO: GET /api/settings/public
[2026-09-16 12:18:36] INFO: GET /api/movies/hidden/list
[2026-09-16 12:18:36] INFO: GET /manifest.json
[2026-09-16 12:18:36] INFO: GET /api/gamification/leaderboard?timeframe=weekly&userId=203fd707-328e-4080-9593-18bc9c9dbc9c
[2026-09-16 12:18:36] INFO: GET /favicon-32x32.png
[2026-09-16 12:18:36] INFO: GET /apple-touch-icon.png
[2026-09-16 12:18:46] INFO: GET /profile?tab=account
[2026-09-16 12:18:46] INFO: GET /logo-aphim1.webp
[2026-09-16 12:18:46] INFO: GET /android-chrome-512x512.png
[2026-09-16 12:18:46] INFO: GET /api/settings/public
[2026-09-16 12:18:46] INFO: GET /api/movies/hidden/list
[2026-09-16 12:18:46] INFO: GET /manifest.json
[2026-09-16 12:18:47] INFO: GET /api/gamification/leaderboard?timeframe=weekly&userId=203fd707-328e-4080-9593-18bc9c9dbc9c
[2026-09-16 12:18:47] INFO: GET /favicon-32x32.png
[2026-09-16 12:18:47] INFO: GET /apple-touch-icon.png
[2026-09-16 12:18:48] INFO: GET /
[2026-09-16 12:18:48] INFO: GET /logo-aphim1.webp
[2026-09-16 12:18:48] INFO: GET /api/settings/public
[2026-09-16 12:18:48] INFO: GET /api/movies/hidden/list
[2026-09-16 12:18:48] INFO: GET /manifest.json
[2026-09-16 12:18:48] INFO: GET /api/gamification/leaderboard?timeframe=weekly&userId=203fd707-328e-4080-9593-18bc9c9dbc9c
[2026-09-16 12:18:48] INFO: GET /apple-touch-icon.png
[2026-09-16 12:18:52] INFO: GET /
[2026-09-16 12:18:52] INFO: GET /logo-aphim1.webp
[2026-09-16 12:18:52] INFO: GET /manifest.json
[2026-09-16 12:18:52] INFO: GET /api/settings/public
[2026-09-16 12:18:52] INFO: GET /api/movies/hidden/list
[2026-09-16 12:18:52] INFO: GET /api/gamification/leaderboard?timeframe=weekly&userId=203fd707-328e-4080-9593-18bc9c9dbc9c
[2026-09-16 12:18:56] INFO: GET /favicon-32x32.png
[2026-09-16 12:18:56] INFO: GET /apple-touch-icon.png
[2026-09-16 12:19:09] INFO: GET /
[2026-09-16 12:19:09] INFO: GET /logo-aphim1.webp
[2026-09-16 12:19:09] INFO: GET /api/settings/public
[2026-09-16 12:19:09] INFO: GET /api/movies/hidden/list
[2026-09-16 12:19:09] INFO: GET /manifest.json
[2026-09-16 12:19:09] INFO: GET /api/gamification/leaderboard?timeframe=weekly&userId=203fd707-328e-4080-9593-18bc9c9dbc9c
[2026-09-16 12:19:09] INFO: GET /favicon-32x32.png
[2026-09-16 12:19:09] INFO: GET /apple-touch-icon.png
[2026-09-16 12:19:33] INFO: GET /
[2026-09-16 12:19:33] INFO: GET /logo-aphim1.webp
[2026-09-16 12:19:33] INFO: GET /api/settings/public
[2026-09-16 12:19:33] INFO: GET /api/movies/hidden/list
[2026-09-16 12:19:33] INFO: GET /api/gamification/leaderboard?timeframe=weekly&userId=
[2026-09-16 12:19:37] INFO: GET /favicon-32x32.png
[2026-09-16 12:19:48] INFO: GET /
[2026-09-16 12:19:48] INFO: GET /logo-aphim1.webp
[2026-09-16 12:19:48] INFO: GET /api/settings/public
[2026-09-16 12:19:48] INFO: GET /api/movies/hidden/list
[2026-09-16 12:19:48] INFO: GET /api/gamification/leaderboard?timeframe=weekly&userId=
[2026-09-16 12:19:51] INFO: GET /favicon-32x32.png
[2026-09-16 12:20:07] INFO: POST /api/auth/register
[2026-09-16 12:20:07] INFO: New user registered: demo3@gmail.com
[2026-09-16 12:20:08] INFO: GET /api/notifications
[2026-09-16 12:20:08] INFO: GET /api/auth/me
[2026-09-16 12:20:11] INFO: GET /profile?tab=account
[2026-09-16 12:20:11] INFO: GET /logo-aphim1.webp
[2026-09-16 12:20:11] INFO: GET /android-chrome-512x512.png
[2026-09-16 12:20:11] INFO: GET /api/settings/public
[2026-09-16 12:20:11] INFO: GET /api/movies/hidden/list
[2026-09-16 12:20:11] INFO: GET /api/notifications
[2026-09-16 12:20:11] INFO: GET /api/gamification/leaderboard?timeframe=weekly&userId=9bb791b0-d5e3-46fa-b326-20be9e82bfe2
[2026-09-16 12:20:11] INFO: GET /api/auth/me
[2026-09-16 12:20:11] INFO: GET /favicon-32x32.png
[2026-09-16 12:20:13] INFO: GET /android-chrome-512x512.png
[2026-09-16 12:20:13] INFO: GET /favicon-32x32.png
[2026-09-16 12:20:18] INFO: GET /favicon-32x32.png
[2026-09-16 12:20:19] INFO: GET /api/auth/me
[2026-09-16 12:20:20] INFO: GET /favicon-32x32.png
[2026-09-16 12:20:23] INFO: PUT /api/auth/updatedetails
[2026-09-16 12:20:23] INFO: PUT /api/auth/updatedetails
[2026-09-16 12:20:23] INFO: PUT /api/auth/updatedetails
[2026-09-16 12:20:23] INFO: GET /api/auth/me
[2026-09-16 12:20:25] INFO: GET /favicon-32x32.png
[2026-09-16 12:20:28] INFO: GET /profile?tab=account
[2026-09-16 12:20:28] INFO: GET /logo-aphim1.webp
[2026-09-16 12:20:28] INFO: GET /android-chrome-512x512.png
[2026-09-16 12:20:28] INFO: GET /api/settings/public
[2026-09-16 12:20:28] INFO: GET /api/movies/hidden/list
[2026-09-16 12:20:28] INFO: GET /api/notifications
[2026-09-16 12:20:28] INFO: GET /api/gamification/leaderboard?timeframe=weekly&userId=9bb791b0-d5e3-46fa-b326-20be9e82bfe2
[2026-09-16 12:20:28] INFO: GET /api/auth/me
[2026-09-16 12:20:29] INFO: GET /favicon-32x32.png
[2026-09-16 12:20:30] INFO: GET /favicon-32x32.png
[2026-09-16 12:20:31] INFO: GET /favicon-32x32.png
[2026-09-16 12:20:36] INFO: GET /favicon-32x32.png
[2026-09-16 12:20:36] INFO: GET /api/auth/me
[2026-09-16 12:20:47] INFO: GET /api/auth/me
[2026-09-16 12:20:50] INFO: GET /api/auth/me
[2026-09-16 12:20:51] INFO: PUT /api/auth/updatedetails
[2026-09-16 12:21:03] INFO: GET /api/auth/me
[2026-09-16 12:21:04] INFO: GET /api/auth/me
[2026-09-16 12:21:09] INFO: GET /api/auth/me
[2026-09-16 12:21:10] INFO: GET /api/auth/me
[2026-09-16 12:21:12] INFO: GET /api/auth/me
[2026-09-16 12:30:50] INFO: GET /api/auth/me
[2026-09-16 12:30:51] INFO: GET /profile?tab=account
[2026-09-16 12:30:51] INFO: GET /api/auth/me
[2026-09-16 12:30:51] INFO: GET /logo-aphim1.webp
[2026-09-16 12:30:51] INFO: GET /android-chrome-512x512.png
[2026-09-16 12:30:51] INFO: GET /api/settings/public
[2026-09-16 12:30:51] INFO: GET /api/movies/hidden/list
[2026-09-16 12:30:51] INFO: GET /api/notifications
[2026-09-16 12:30:51] INFO: GET /api/gamification/leaderboard?timeframe=weekly&userId=9bb791b0-d5e3-46fa-b326-20be9e82bfe2
[2026-09-16 12:30:51] INFO: GET /api/auth/me
[2026-09-16 12:30:57] INFO: PUT /api/auth/updatedetails
[2026-09-16 12:30:58] INFO: GET /favicon-32x32.png
[2026-09-16 12:30:59] INFO: GET /api/auth/me
[2026-09-16 12:31:09] INFO: GET /api/auth/me
[2026-09-16 12:31:11] INFO: GET /profile?tab=account
[2026-09-16 12:31:11] INFO: GET /logo-aphim1.webp
[2026-09-16 12:31:11] INFO: GET /android-chrome-512x512.png
[2026-09-16 12:31:11] INFO: GET /api/settings/public
[2026-09-16 12:31:11] INFO: GET /api/movies/hidden/list
[2026-09-16 12:31:11] INFO: GET /api/notifications
[2026-09-16 12:31:11] INFO: GET /api/gamification/leaderboard?timeframe=weekly&userId=9bb791b0-d5e3-46fa-b326-20be9e82bfe2
[2026-09-16 12:31:11] INFO: GET /api/auth/me
[2026-09-16 12:31:11] INFO: GET /favicon-32x32.png
[2026-09-16 12:31:13] INFO: GET /profile?tab=account
[2026-09-16 12:31:13] INFO: GET /logo-aphim1.webp
[2026-09-16 12:31:13] INFO: GET /android-chrome-512x512.png
[2026-09-16 12:31:13] INFO: GET /api/settings/public
[2026-09-16 12:31:13] INFO: GET /api/movies/hidden/list
[2026-09-16 12:31:13] INFO: GET /api/notifications
[2026-09-16 12:31:13] INFO: GET /api/gamification/leaderboard?timeframe=weekly&userId=9bb791b0-d5e3-46fa-b326-20be9e82bfe2
[2026-09-16 12:31:13] INFO: GET /favicon-32x32.png
[2026-09-16 12:31:13] INFO: GET /api/auth/me
[2026-09-16 12:31:14] INFO: GET /profile?tab=account
[2026-09-16 12:31:14] INFO: GET /logo-aphim1.webp
[2026-09-16 12:31:14] INFO: GET /android-chrome-512x512.png
[2026-09-16 12:31:14] INFO: GET /api/settings/public
[2026-09-16 12:31:14] INFO: GET /api/movies/hidden/list
[2026-09-16 12:31:14] INFO: GET /api/notifications
[2026-09-16 12:31:14] INFO: GET /api/gamification/leaderboard?timeframe=weekly&userId=9bb791b0-d5e3-46fa-b326-20be9e82bfe2
[2026-09-16 12:31:14] INFO: GET /favicon-32x32.png
[2026-09-16 12:31:14] INFO: GET /api/auth/me
[2026-09-16 12:31:15] INFO: GET /profile?tab=account
[2026-09-16 12:31:15] INFO: GET /logo-aphim1.webp
[2026-09-16 12:31:15] INFO: GET /android-chrome-512x512.png
[2026-09-16 12:31:15] INFO: GET /api/settings/public
[2026-09-16 12:31:15] INFO: GET /api/movies/hidden/list
[2026-09-16 12:31:15] INFO: GET /api/notifications
[2026-09-16 12:31:15] INFO: GET /api/gamification/leaderboard?timeframe=weekly&userId=9bb791b0-d5e3-46fa-b326-20be9e82bfe2
[2026-09-16 12:31:15] INFO: GET /favicon-32x32.png
[2026-09-16 12:31:15] INFO: GET /api/auth/me
[2026-09-16 12:31:16] INFO: GET /android-chrome-512x512.png
[2026-09-16 12:31:16] INFO: GET /favicon-32x32.png
[2026-09-16 12:31:23] INFO: GET /api/auth/me
[2026-09-16 12:31:31] INFO: GET /api/auth/me
[2026-09-16 12:31:35] INFO: GET /android-chrome-512x512.png
[2026-09-16 12:31:39] INFO: GET /api/auth/me
[2026-09-16 12:31:39] INFO: GET /favicon-32x32.png
[2026-09-16 12:31:40] INFO: GET /profile?tab=account
[2026-09-16 12:31:40] INFO: GET /logo-aphim1.webp
[2026-09-16 12:31:40] INFO: GET /android-chrome-512x512.png
[2026-09-16 12:31:40] INFO: GET /api/settings/public
[2026-09-16 12:31:40] INFO: GET /api/movies/hidden/list
[2026-09-16 12:31:40] INFO: GET /api/notifications
[2026-09-16 12:31:40] INFO: GET /api/gamification/leaderboard?timeframe=weekly&userId=9bb791b0-d5e3-46fa-b326-20be9e82bfe2
[2026-09-16 12:31:40] INFO: GET /api/auth/me
[2026-09-16 12:31:47] INFO: GET /android-chrome-512x512.png
[2026-09-16 12:31:47] INFO: GET /favicon-32x32.png
[2026-09-16 12:31:48] INFO: GET /api/auth/me
[2026-09-16 12:31:56] INFO: GET /api/auth/me
[2026-09-16 12:31:58] INFO: GET /profile?tab=account
[2026-09-16 12:31:58] INFO: GET /logo-aphim1.webp
[2026-09-16 12:31:58] INFO: GET /android-chrome-512x512.png
[2026-09-16 12:31:58] INFO: GET /api/settings/public
[2026-09-16 12:31:58] INFO: GET /api/movies/hidden/list
[2026-09-16 12:31:58] INFO: GET /api/notifications
[2026-09-16 12:31:58] INFO: GET /api/gamification/leaderboard?timeframe=weekly&userId=9bb791b0-d5e3-46fa-b326-20be9e82bfe2
[2026-09-16 12:31:59] INFO: GET /favicon-32x32.png
[2026-09-16 12:31:59] INFO: GET /api/auth/me
[2026-09-16 12:32:08] INFO: GET /api/auth/me
[2026-09-16 12:32:09] INFO: GET /api/auth/me
[2026-09-16 12:32:12] INFO: GET /api/auth/me
[2026-09-16 12:32:12] INFO: GET /api/auth/me
[2026-09-16 12:32:15] INFO: GET /api/auth/me
[2026-09-16 12:32:26] INFO: GET /api/auth/me
[2026-09-16 12:32:28] INFO: GET /api/auth/me
[2026-09-16 12:32:33] INFO: GET /api/auth/me
[2026-09-16 12:32:33] INFO: GET /api/auth/me
[2026-09-16 12:36:55] INFO: GET /api/auth/me
[2026-09-16 12:36:56] INFO: GET /profile?tab=account
[2026-09-16 12:36:57] INFO: GET /api/auth/me
[2026-09-16 12:36:57] INFO: GET /logo-aphim1.webp
[2026-09-16 12:36:57] INFO: GET /android-chrome-512x512.png
[2026-09-16 12:36:57] INFO: GET /api/settings/public
[2026-09-16 12:36:57] INFO: GET /api/movies/hidden/list
[2026-09-16 12:36:57] INFO: GET /api/notifications
[2026-09-16 12:36:57] INFO: GET /api/gamification/leaderboard?timeframe=weekly&userId=9bb791b0-d5e3-46fa-b326-20be9e82bfe2
[2026-09-16 12:36:57] INFO: GET /api/auth/me
[2026-09-16 12:36:57] INFO: GET /favicon-32x32.png
[2026-09-16 12:36:59] INFO: GET /api/auth/me
[2026-09-16 12:36:59] INFO: GET /api/auth/me
[2026-09-16 12:37:05] INFO: GET /api/auth/me
[2026-09-16 12:37:24] INFO: GET /api/auth/me
[2026-09-16 12:37:24] INFO: GET /api/auth/me
[2026-09-16 12:37:33] INFO: GET /api/auth/me
[2026-09-16 12:37:37] INFO: PUT /api/auth/updatedetails
[2026-09-16 12:37:40] INFO: GET /profile?tab=account
[2026-09-16 12:37:41] INFO: GET /logo-aphim1.webp
[2026-09-16 12:37:41] INFO: GET /android-chrome-512x512.png
[2026-09-16 12:37:41] INFO: GET /api/settings/public
[2026-09-16 12:37:41] INFO: GET /api/movies/hidden/list
[2026-09-16 12:37:41] INFO: GET /api/notifications
[2026-09-16 12:37:41] INFO: GET /api/gamification/leaderboard?timeframe=weekly&userId=9bb791b0-d5e3-46fa-b326-20be9e82bfe2
[2026-09-16 12:37:41] INFO: GET /api/auth/me
[2026-09-16 12:37:41] INFO: GET /favicon-32x32.png
[2026-09-16 12:37:42] INFO: GET /api/auth/me
[2026-09-16 12:37:42] INFO: GET /api/auth/me
[2026-09-16 12:37:52] INFO: GET /api/auth/me
[2026-09-16 12:37:52] INFO: GET /api/auth/me
[2026-09-16 12:38:01] INFO: GET /api/auth/me
[2026-09-16 12:38:02] INFO: GET /
[2026-09-16 12:38:02] INFO: GET /logo-aphim1.webp
[2026-09-16 12:38:02] INFO: GET /api/settings/public
[2026-09-16 12:38:02] INFO: GET /api/movies/hidden/list
[2026-09-16 12:38:02] INFO: GET /api/notifications
[2026-09-16 12:38:02] INFO: GET /api/gamification/leaderboard?timeframe=weekly&userId=9bb791b0-d5e3-46fa-b326-20be9e82bfe2
[2026-09-16 12:38:02] INFO: GET /api/auth/me
[2026-09-16 12:38:03] INFO: GET /
[2026-09-16 12:38:03] INFO: GET /logo-aphim1.webp
[2026-09-16 12:38:03] INFO: GET /api/settings/public
[2026-09-16 12:38:03] INFO: GET /api/movies/hidden/list
[2026-09-16 12:38:03] INFO: GET /api/gamification/leaderboard?timeframe=weekly&userId=
[2026-09-16 12:38:04] INFO: GET /favicon-32x32.png
[2026-09-16 12:38:06] INFO: POST /api/auth/login
[2026-09-16 12:38:07] INFO: Login successful for demo3@gmail.com
[2026-09-16 12:38:07] INFO: GET /api/auth/me
[2026-09-16 12:38:07] INFO: GET /api/notifications
[2026-09-16 12:38:10] INFO: GET /profile?tab=account
[2026-09-16 12:38:10] INFO: GET /logo-aphim1.webp
[2026-09-16 12:38:10] INFO: GET /android-chrome-512x512.png
[2026-09-16 12:38:10] INFO: GET /api/settings/public
[2026-09-16 12:38:10] INFO: GET /api/movies/hidden/list
[2026-09-16 12:38:10] INFO: GET /api/notifications
[2026-09-16 12:38:10] INFO: GET /api/gamification/leaderboard?timeframe=weekly&userId=9bb791b0-d5e3-46fa-b326-20be9e82bfe2
[2026-09-16 12:38:10] INFO: GET /favicon-32x32.png
[2026-09-16 12:38:10] INFO: GET /api/auth/me
[2026-09-16 12:38:14] INFO: PUT /api/auth/updatedetails
[2026-09-16 12:38:15] INFO: GET /api/auth/me
[2026-09-16 12:38:15] INFO: GET /favicon-32x32.png
[2026-09-16 12:38:22] INFO: GET /api/auth/me
[2026-09-16 12:38:23] INFO: GET /api/auth/me
[2026-09-16 12:38:24] INFO: GET /api/auth/me
[2026-09-16 12:38:25] INFO: GET /api/auth/me
[2026-09-16 12:38:25] INFO: GET /favicon-32x32.png
[2026-09-16 12:38:28] INFO: GET /android-chrome-512x512.png
[2026-09-16 12:38:28] INFO: GET /favicon-32x32.png
[2026-09-16 12:38:30] INFO: GET /api/auth/me
[2026-09-16 12:38:32] INFO: GET /android-chrome-512x512.png
[2026-09-16 12:38:33] INFO: PUT /api/auth/updatedetails
[2026-09-16 12:38:33] INFO: GET /api/auth/me
[2026-09-16 12:38:35] INFO: GET /favicon-32x32.png
[2026-09-16 12:38:35] INFO: GET /api/auth/me
[2026-09-16 12:38:38] INFO: GET /profile?tab=notifications
[2026-09-16 12:38:38] INFO: GET /logo-aphim1.webp
[2026-09-16 12:38:38] INFO: GET /android-chrome-512x512.png
[2026-09-16 12:38:38] INFO: GET /api/settings/public
[2026-09-16 12:38:38] INFO: GET /api/movies/hidden/list
[2026-09-16 12:38:38] INFO: GET /api/notifications
[2026-09-16 12:38:38] INFO: GET /api/gamification/leaderboard?timeframe=weekly&userId=9bb791b0-d5e3-46fa-b326-20be9e82bfe2
[2026-09-16 12:38:38] INFO: GET /api/auth/me
[2026-09-16 12:38:46] INFO: GET /api/auth/me
[2026-09-16 12:38:47] INFO: PUT /api/auth/updatedetails
[2026-09-16 12:38:47] INFO: PUT /api/auth/updatedetails
[2026-09-16 12:38:47] INFO: PUT /api/auth/updatedetails
[2026-09-16 12:38:49] INFO: GET /api/auth/me
[2026-09-16 12:38:49] INFO: PUT /api/auth/updatedetails
[2026-09-16 12:38:50] INFO: GET /api/auth/me
[2026-09-16 12:38:51] INFO: GET /api/auth/me
[2026-09-16 12:38:52] INFO: GET /api/auth/me
[2026-09-16 12:38:53] INFO: GET /api/auth/me
[2026-09-16 12:38:53] INFO: GET /api/auth/me
[2026-09-16 12:38:56] INFO: GET /api/auth/me
[2026-09-16 12:38:57] INFO: GET /api/auth/me
[2026-09-16 12:39:02] INFO: GET /api/auth/me
[2026-09-16 12:39:03] INFO: GET /api/gamification/leaderboard?timeframe=weekly&userId=9bb791b0-d5e3-46fa-b326-20be9e82bfe2
[2026-09-16 12:39:10] INFO: GET /api/auth/me
[2026-09-16 12:39:18] INFO: GET /api/auth/me
[2026-09-16 12:39:25] INFO: PUT /api/auth/updatedetails
[2026-09-16 12:39:25] INFO: GET /api/auth/me
[2026-09-16 12:39:27] INFO: GET /api/auth/me
[2026-09-16 12:39:27] INFO: PUT /api/auth/updatedetails
[2026-09-16 12:39:28] INFO: GET /api/auth/me
[2026-09-16 12:39:29] INFO: GET /api/auth/me
[2026-09-16 12:39:31] INFO: GET /profile?tab=achievements
[2026-09-16 12:39:31] INFO: GET /logo-aphim1.webp
[2026-09-16 12:39:31] INFO: GET /android-chrome-512x512.png
[2026-09-16 12:39:31] INFO: GET /api/settings/public
[2026-09-16 12:39:31] INFO: GET /api/movies/hidden/list
[2026-09-16 12:39:31] INFO: GET /api/notifications
[2026-09-16 12:39:31] INFO: GET /api/gamification/leaderboard?timeframe=weekly&userId=9bb791b0-d5e3-46fa-b326-20be9e82bfe2
[2026-09-16 12:39:31] INFO: GET /api/auth/me
[2026-09-16 12:39:33] INFO: GET /api/gamification/leaderboard?timeframe=weekly&userId=9bb791b0-d5e3-46fa-b326-20be9e82bfe2
[2026-09-16 12:39:34] INFO: GET /favicon-32x32.png
[2026-09-16 12:39:36] INFO: GET /favicon-32x32.png
[2026-09-16 12:39:43] INFO: GET /api/auth/me
[2026-09-16 12:39:50] INFO: GET /api/auth/me
[2026-09-16 12:39:50] INFO: GET /favicon-32x32.png
[2026-09-16 12:39:55] INFO: GET /api/auth/me
[2026-09-16 12:40:03] INFO: GET /api/auth/me
[2026-09-16 12:45:28] INFO: GET /api/auth/me
[2026-09-16 12:45:29] INFO: GET /api/auth/me
[2026-09-16 12:45:30] INFO: GET /profile?tab=shop
[2026-09-16 12:45:30] INFO: GET /logo-aphim1.webp
[2026-09-16 12:45:30] INFO: GET /android-chrome-512x512.png
[2026-09-16 12:45:30] INFO: GET /api/settings/public
[2026-09-16 12:45:30] INFO: GET /api/movies/hidden/list
[2026-09-16 12:45:30] INFO: GET /api/notifications
[2026-09-16 12:45:30] INFO: GET /api/gamification/leaderboard?timeframe=weekly&userId=9bb791b0-d5e3-46fa-b326-20be9e82bfe2
[2026-09-16 12:45:30] INFO: GET /api/auth/me
[2026-09-16 12:45:38] INFO: GET /api/auth/me
[2026-09-16 12:45:46] INFO: GET /api/auth/me
[2026-09-16 12:45:54] INFO: GET /api/auth/me
[2026-09-16 12:46:01] INFO: GET /profile?tab=shop
[2026-09-16 12:46:01] INFO: GET /logo-aphim1.webp
[2026-09-16 12:46:01] INFO: GET /android-chrome-512x512.png
[2026-09-16 12:46:01] INFO: GET /api/settings/public
[2026-09-16 12:46:01] INFO: GET /api/movies/hidden/list
[2026-09-16 12:46:01] INFO: GET /api/notifications
[2026-09-16 12:46:01] INFO: GET /api/gamification/leaderboard?timeframe=weekly&userId=9bb791b0-d5e3-46fa-b326-20be9e82bfe2
[2026-09-16 12:46:01] INFO: GET /api/auth/me
[2026-09-16 12:46:09] INFO: GET /api/auth/me
[2026-09-16 12:46:09] INFO: GET /
[2026-09-16 12:46:09] INFO: GET /logo-aphim1.webp
[2026-09-16 12:46:09] INFO: GET /api/settings/public
[2026-09-16 12:46:09] INFO: GET /api/movies/hidden/list
[2026-09-16 12:46:09] INFO: GET /api/notifications
[2026-09-16 12:46:09] INFO: GET /api/gamification/leaderboard?timeframe=weekly&userId=9bb791b0-d5e3-46fa-b326-20be9e82bfe2
[2026-09-16 12:46:10] INFO: GET /api/auth/me
[2026-09-16 12:46:16] INFO: GET /profile?tab=account
[2026-09-16 12:46:16] INFO: GET /logo-aphim1.webp
[2026-09-16 12:46:16] INFO: GET /android-chrome-512x512.png
[2026-09-16 12:46:16] INFO: GET /api/settings/public
[2026-09-16 12:46:16] INFO: GET /api/movies/hidden/list
[2026-09-16 12:46:16] INFO: GET /api/notifications
[2026-09-16 12:46:16] INFO: GET /api/gamification/leaderboard?timeframe=weekly&userId=9bb791b0-d5e3-46fa-b326-20be9e82bfe2
[2026-09-16 12:46:16] INFO: GET /api/auth/me
[2026-09-16 12:46:16] INFO: GET /favicon-32x32.png
[2026-09-16 12:46:17] INFO: GET /favicon-32x32.png
[2026-09-16 12:46:24] INFO: GET /api/auth/me
[2026-09-16 12:52:54] INFO: GET /api/auth/me
[2026-09-16 12:52:55] INFO: GET /api/auth/me
[2026-09-16 12:52:55] INFO: GET /profile?tab=shop
[2026-09-16 12:52:55] INFO: GET /logo-aphim1.webp
[2026-09-16 12:52:55] INFO: GET /android-chrome-512x512.png
[2026-09-16 12:52:55] INFO: GET /api/settings/public
[2026-09-16 12:52:55] INFO: GET /api/movies/hidden/list
[2026-09-16 12:52:55] INFO: GET /api/notifications
[2026-09-16 12:52:56] INFO: GET /api/gamification/leaderboard?timeframe=weekly&userId=9bb791b0-d5e3-46fa-b326-20be9e82bfe2
[2026-09-16 12:52:56] INFO: GET /api/auth/me
[2026-09-16 12:52:59] INFO: GET /profile?tab=shop
[2026-09-16 12:52:59] INFO: GET /logo-aphim1.webp
[2026-09-16 12:52:59] INFO: GET /android-chrome-512x512.png
[2026-09-16 12:52:59] INFO: GET /api/settings/public
[2026-09-16 12:52:59] INFO: GET /api/movies/hidden/list
[2026-09-16 12:52:59] INFO: GET /api/notifications
[2026-09-16 12:52:59] INFO: GET /api/gamification/leaderboard?timeframe=weekly&userId=9bb791b0-d5e3-46fa-b326-20be9e82bfe2
[2026-09-16 12:52:59] INFO: GET /api/auth/me
[2026-09-16 12:53:07] INFO: GET /api/auth/me
[2026-09-16 12:53:15] INFO: GET /api/auth/me
[2026-09-16 12:53:23] INFO: GET /api/auth/me
[2026-09-16 12:53:43] INFO: GET /api/auth/me
[2026-09-16 12:53:43] INFO: GET /api/auth/me
[2026-09-16 12:53:43] INFO: GET /profile?tab=favorites
[2026-09-16 12:53:44] INFO: GET /logo-aphim1.webp
[2026-09-16 12:53:44] INFO: GET /android-chrome-512x512.png
[2026-09-16 12:53:44] INFO: GET /api/settings/public
[2026-09-16 12:53:44] INFO: GET /api/movies/hidden/list
[2026-09-16 12:53:44] INFO: GET /api/notifications
[2026-09-16 12:53:44] INFO: GET /api/gamification/leaderboard?timeframe=weekly&userId=9bb791b0-d5e3-46fa-b326-20be9e82bfe2
[2026-09-16 12:53:44] INFO: GET /api/auth/me
[2026-09-16 12:53:45] INFO: GET /favicon-32x32.png
[2026-09-16 12:53:46] INFO: GET /favicon-32x32.png
[2026-09-16 12:53:52] INFO: GET /api/auth/me
[2026-09-16 12:54:00] INFO: GET /api/auth/me
[2026-09-16 12:54:08] INFO: GET /api/auth/me
[2026-09-16 12:54:16] INFO: GET /profile?tab=shop
[2026-09-16 12:54:16] INFO: GET /logo-aphim1.webp
[2026-09-16 12:54:16] INFO: GET /android-chrome-512x512.png
[2026-09-16 12:54:16] INFO: GET /api/settings/public
[2026-09-16 12:54:16] INFO: GET /api/movies/hidden/list
[2026-09-16 12:54:16] INFO: GET /api/notifications
[2026-09-16 12:54:16] INFO: GET /api/gamification/leaderboard?timeframe=weekly&userId=9bb791b0-d5e3-46fa-b326-20be9e82bfe2
[2026-09-16 12:54:16] INFO: GET /api/auth/me
[2026-09-16 12:54:24] INFO: GET /api/auth/me
[2026-09-16 12:54:25] INFO: GET /manifest.json
[2026-09-16 12:54:25] INFO: GET /.well-known/appspecific/com.chrome.devtools.json
[2026-09-16 12:54:26] INFO: GET /api/auth/me
[2026-09-16 12:54:32] INFO: GET /api/auth/me
[2026-09-16 12:54:32] INFO: GET /api/auth/me
[2026-09-16 12:54:37] INFO: GET /api/auth/me
[2026-09-16 12:58:57] INFO: GET /favicon-32x32.png
[2026-09-16 12:59:30] INFO: GET /api/auth/me
[2026-09-16 12:59:32] INFO: GET /api/auth/me
[2026-09-16 12:59:33] INFO: GET /profile?tab=shop
[2026-09-16 12:59:33] INFO: GET /logo-aphim1.webp
[2026-09-16 12:59:33] INFO: GET /android-chrome-512x512.png
[2026-09-16 12:59:33] INFO: GET /api/settings/public
[2026-09-16 12:59:33] INFO: GET /api/movies/hidden/list
[2026-09-16 12:59:33] INFO: GET /api/notifications
[2026-09-16 12:59:33] INFO: GET /api/gamification/leaderboard?timeframe=weekly&userId=9bb791b0-d5e3-46fa-b326-20be9e82bfe2
[2026-09-16 12:59:33] INFO: GET /api/auth/me
[2026-09-16 12:59:41] INFO: GET /api/auth/me
[2026-09-16 12:59:49] INFO: GET /api/auth/me
[2026-09-16 12:59:50] INFO: GET /favicon-32x32.png
[2026-09-16 12:59:50] INFO: GET /profile?tab=shop
[2026-09-16 12:59:50] INFO: GET /logo-aphim1.webp
[2026-09-16 12:59:50] INFO: GET /android-chrome-512x512.png
[2026-09-16 12:59:50] INFO: GET /api/settings/public
[2026-09-16 12:59:50] INFO: GET /api/movies/hidden/list
[2026-09-16 12:59:50] INFO: GET /api/notifications
[2026-09-16 12:59:50] INFO: GET /api/gamification/leaderboard?timeframe=weekly&userId=9bb791b0-d5e3-46fa-b326-20be9e82bfe2
[2026-09-16 12:59:50] INFO: GET /api/auth/me
[2026-09-16 13:00:13] INFO: GET /favicon-32x32.png
[2026-09-16 13:17:30] INFO: GET /api/auth/me
[2026-09-16 13:17:31] INFO: GET /profile?tab=shop
[2026-09-16 13:17:32] INFO: GET /logo-aphim1.webp
[2026-09-16 13:17:32] INFO: GET /android-chrome-512x512.png
[2026-09-16 13:17:32] INFO: GET /api/settings/public
[2026-09-16 13:17:32] INFO: GET /api/movies/hidden/list
[2026-09-16 13:17:32] INFO: GET /api/notifications
[2026-09-16 13:17:32] INFO: GET /api/gamification/leaderboard?timeframe=weekly&userId=9bb791b0-d5e3-46fa-b326-20be9e82bfe2
[2026-09-16 13:17:32] INFO: GET /api/auth/me
[2026-09-16 13:17:38] INFO: GET /profile?tab=shop
[2026-09-16 13:17:38] INFO: GET /logo-aphim1.webp
[2026-09-16 13:17:38] INFO: GET /android-chrome-512x512.png
[2026-09-16 13:17:38] INFO: GET /api/settings/public
[2026-09-16 13:17:38] INFO: GET /api/movies/hidden/list
[2026-09-16 13:17:38] INFO: GET /api/notifications
[2026-09-16 13:17:38] INFO: GET /api/gamification/leaderboard?timeframe=weekly&userId=9bb791b0-d5e3-46fa-b326-20be9e82bfe2
[2026-09-16 13:17:38] INFO: GET /api/auth/me
[2026-09-16 13:17:46] INFO: GET /api/auth/me
[2026-09-16 13:17:54] INFO: GET /api/auth/me
[2026-09-16 13:18:15] INFO: GET /favicon-32x32.png
[2026-09-16 13:23:44] INFO: GET /api/auth/me
[2026-09-16 13:23:45] INFO: GET /api/auth/me
[2026-09-16 13:23:50] INFO: GET /api/auth/me
[2026-09-16 13:23:56] INFO: GET /profile?tab=shop
[2026-09-16 13:23:56] INFO: GET /logo-aphim1.webp
[2026-09-16 13:23:56] INFO: GET /android-chrome-512x512.png
[2026-09-16 13:23:56] INFO: GET /api/settings/public
[2026-09-16 13:23:56] INFO: GET /api/movies/hidden/list
[2026-09-16 13:23:56] INFO: GET /api/notifications
[2026-09-16 13:23:56] INFO: GET /api/gamification/leaderboard?timeframe=weekly&userId=9bb791b0-d5e3-46fa-b326-20be9e82bfe2
[2026-09-16 13:23:56] INFO: GET /api/auth/me
[2026-09-16 13:24:04] INFO: GET /api/auth/me
[2026-09-16 13:24:14] INFO: GET /api/auth/me
[2026-09-16 13:24:20] INFO: GET /api/auth/me
[2026-09-16 13:24:23] INFO: GET /api/auth/me
[2026-09-16 13:24:27] INFO: GET /api/auth/me
[2026-09-16 13:24:28] INFO: GET /api/auth/me
[2026-09-16 13:28:10] INFO: GET /api/auth/me
[2026-09-16 13:28:11] INFO: GET /profile?tab=shop
[2026-09-16 13:28:11] INFO: GET /logo-aphim1.webp
[2026-09-16 13:28:11] INFO: GET /android-chrome-512x512.png
[2026-09-16 13:28:12] INFO: GET /api/settings/public
[2026-09-16 13:28:12] INFO: GET /api/movies/hidden/list
[2026-09-16 13:28:12] INFO: GET /api/notifications
[2026-09-16 13:28:12] INFO: GET /api/gamification/leaderboard?timeframe=weekly&userId=9bb791b0-d5e3-46fa-b326-20be9e82bfe2
[2026-09-16 13:28:12] INFO: GET /api/auth/me
[2026-09-16 13:28:20] INFO: GET /api/auth/me
[2026-09-16 13:28:28] INFO: GET /api/auth/me
[2026-09-16 13:28:36] INFO: GET /api/auth/me
[2026-09-16 13:28:44] INFO: GET /api/auth/me
[2026-09-16 13:28:52] INFO: GET /api/auth/me
[2026-09-16 13:28:58] INFO: GET /manifest.json
[2026-09-16 13:28:58] INFO: GET /.well-known/appspecific/com.chrome.devtools.json
[2026-09-16 13:29:00] INFO: GET /api/auth/me
[2026-09-16 13:29:08] INFO: GET /api/auth/me
[2026-09-16 13:29:10] INFO: GET /api/auth/me
[2026-09-16 13:29:19] INFO: GET /api/auth/me
[2026-09-16 13:29:24] INFO: GET /api/auth/me
[2026-09-16 13:29:24] INFO: GET /api/auth/me
[2026-09-16 13:29:24] INFO: GET /profile?tab=shop
[2026-09-16 13:29:24] INFO: GET /logo-aphim1.webp
[2026-09-16 13:29:24] INFO: GET /android-chrome-512x512.png
[2026-09-16 13:29:24] INFO: GET /.well-known/appspecific/com.chrome.devtools.json
[2026-09-16 13:29:24] INFO: GET /api/settings/public
[2026-09-16 13:29:24] INFO: GET /api/movies/hidden/list
[2026-09-16 13:29:25] INFO: GET /api/notifications
[2026-09-16 13:29:25] INFO: GET /api/gamification/leaderboard?timeframe=weekly&userId=9bb791b0-d5e3-46fa-b326-20be9e82bfe2
[2026-09-16 13:29:25] INFO: GET /api/auth/me
[2026-09-16 13:29:26] INFO: GET /api/auth/me
[2026-09-16 13:29:33] INFO: GET /api/auth/me
[2026-09-16 13:29:33] INFO: GET /api/auth/me
[2026-09-16 13:29:38] INFO: GET /api/auth/me
[2026-09-16 13:29:42] INFO: GET /api/auth/me
[2026-09-16 13:29:42] INFO: GET /api/auth/me
[2026-09-16 13:30:12] INFO: GET /api/auth/me
[2026-09-16 13:30:12] INFO: GET /api/auth/me
[2026-09-16 13:30:18] INFO: GET /api/auth/me
[2026-09-16 13:30:25] INFO: GET /api/auth/me
[2026-09-16 13:30:31] INFO: GET /api/auth/me
[2026-09-16 13:30:47] INFO: GET /api/auth/me
[2026-09-16 13:30:53] INFO: GET /api/auth/me
[2026-09-16 13:31:03] INFO: GET /api/auth/me
[2026-09-16 13:31:08] INFO: GET /api/auth/me
[2026-09-16 13:31:13] INFO: GET /api/auth/me
[2026-09-16 13:31:18] INFO: GET /api/auth/me
[2026-09-16 13:31:24] INFO: GET /api/auth/me
[2026-09-16 13:31:24] INFO: GET /api/movies/hidden/list
[2026-09-16 13:35:24] INFO: GET /api/auth/me
[2026-09-16 13:35:24] INFO: GET /api/movies/hidden/list
[2026-09-16 13:35:25] INFO: GET /profile?tab=shop
[2026-09-16 13:35:25] INFO: GET /api/auth/me
[2026-09-16 13:35:25] INFO: GET /logo-aphim1.webp
[2026-09-16 13:35:25] INFO: GET /android-chrome-512x512.png
[2026-09-16 13:35:25] INFO: GET /api/settings/public
[2026-09-16 13:35:25] INFO: GET /api/movies/hidden/list
[2026-09-16 13:35:25] INFO: GET /api/notifications
[2026-09-16 13:35:25] INFO: GET /api/gamification/leaderboard?timeframe=weekly&userId=9bb791b0-d5e3-46fa-b326-20be9e82bfe2
[2026-09-16 13:35:25] INFO: GET /api/auth/me
[2026-09-16 13:35:33] INFO: GET /api/auth/me
[2026-09-16 13:35:41] INFO: GET /api/auth/me
[2026-09-16 13:35:49] INFO: GET /api/auth/me
[2026-09-16 13:35:57] INFO: GET /api/auth/me
[2026-09-16 13:36:01] INFO: GET /api/auth/me
[2026-09-16 13:36:02] INFO: GET /profile?tab=shop
[2026-09-16 13:36:02] INFO: GET /logo-aphim1.webp
[2026-09-16 13:36:02] INFO: GET /android-chrome-512x512.png
[2026-09-16 13:36:02] INFO: GET /api/settings/public
[2026-09-16 13:36:02] INFO: GET /api/movies/hidden/list
[2026-09-16 13:36:02] INFO: GET /api/notifications
[2026-09-16 13:36:02] INFO: GET /api/gamification/leaderboard?timeframe=weekly&userId=9bb791b0-d5e3-46fa-b326-20be9e82bfe2
[2026-09-16 13:36:02] INFO: GET /api/auth/me
[2026-09-16 13:36:10] INFO: GET /api/auth/me
[2026-09-16 13:36:18] INFO: GET /api/auth/me
[2026-09-16 13:36:24] INFO: GET /
[2026-09-16 13:36:24] INFO: GET /logo-aphim1.webp
[2026-09-16 13:36:24] INFO: GET /api/settings/public
[2026-09-16 13:36:24] INFO: GET /api/movies/hidden/list
[2026-09-16 13:36:24] INFO: GET /api/notifications
[2026-09-16 13:36:24] INFO: GET /api/gamification/leaderboard?timeframe=weekly&userId=9bb791b0-d5e3-46fa-b326-20be9e82bfe2
[2026-09-16 13:36:24] INFO: GET /api/auth/me
[2026-09-16 13:36:32] INFO: GET /profile?tab=shop
[2026-09-16 13:36:32] INFO: GET /logo-aphim1.webp
[2026-09-16 13:36:32] INFO: GET /android-chrome-512x512.png
[2026-09-16 13:36:32] INFO: GET /api/settings/public
[2026-09-16 13:36:32] INFO: GET /api/movies/hidden/list
[2026-09-16 13:36:32] INFO: GET /api/notifications
[2026-09-16 13:36:32] INFO: GET /api/gamification/leaderboard?timeframe=weekly&userId=9bb791b0-d5e3-46fa-b326-20be9e82bfe2
[2026-09-16 13:36:32] INFO: GET /api/auth/me
[2026-09-16 13:36:40] INFO: GET /api/auth/me
[2026-09-16 13:36:48] INFO: GET /api/auth/me
[2026-09-16 13:36:56] INFO: GET /api/auth/me
[2026-09-16 13:37:04] INFO: GET /api/auth/me
[2026-09-16 13:37:12] INFO: GET /api/auth/me
[2026-09-16 13:37:20] INFO: GET /api/auth/me
[2026-09-16 13:37:28] INFO: GET /api/auth/me
[2026-09-16 13:37:36] INFO: GET /api/auth/me
[2026-09-16 13:37:44] INFO: GET /api/auth/me
[2026-09-16 13:37:52] INFO: GET /api/auth/me
[2026-09-16 13:38:00] INFO: GET /api/auth/me
[2026-09-16 13:38:08] INFO: GET /api/auth/me
[2026-09-16 13:38:12] INFO: GET /api/auth/me
[2026-09-16 13:38:13] INFO: GET /api/auth/me
[2026-09-16 13:42:36] INFO: GET /api/auth/me
[2026-09-16 13:42:37] INFO: GET /api/auth/me
[2026-09-16 13:42:37] INFO: GET /profile?tab=shop
[2026-09-16 13:42:37] INFO: GET /logo-aphim1.webp
[2026-09-16 13:42:37] INFO: GET /android-chrome-512x512.png
[2026-09-16 13:42:37] INFO: GET /api/settings/public
[2026-09-16 13:42:37] INFO: GET /api/movies/hidden/list
[2026-09-16 13:42:37] INFO: GET /api/notifications
[2026-09-16 13:42:37] INFO: GET /api/gamification/leaderboard?timeframe=weekly&userId=9bb791b0-d5e3-46fa-b326-20be9e82bfe2
[2026-09-16 13:42:37] INFO: GET /api/auth/me
[2026-09-16 13:42:45] INFO: GET /api/auth/me
[2026-09-16 13:42:53] INFO: GET /api/auth/me
[2026-09-16 13:42:55] INFO: GET /api/auth/me
[2026-09-16 13:42:55] INFO: GET /api/auth/me
[2026-09-16 13:42:57] INFO: GET /api/auth/me
[2026-09-16 13:42:57] INFO: GET /api/auth/me
[2026-09-16 13:42:59] INFO: GET /manifest.json
[2026-09-16 13:42:59] INFO: GET /.well-known/appspecific/com.chrome.devtools.json
[2026-09-16 13:48:57] INFO: GET /api/auth/me
[2026-09-16 13:49:04] INFO: GET /
[2026-09-16 13:49:04] INFO: GET /logo-aphim1.webp
[2026-09-16 13:49:04] INFO: GET /api/settings/public
[2026-09-16 13:49:04] INFO: GET /api/movies/hidden/list
[2026-09-16 13:49:04] INFO: GET /api/gamification/leaderboard?timeframe=weekly&userId=
[2026-09-16 13:49:07] INFO: GET /favicon-32x32.png
[2026-09-16 13:49:28] INFO: POST /api/auth/register
[2026-09-16 13:49:29] INFO: New user registered: demo4@gmail.com
[2026-09-16 13:49:29] INFO: GET /api/notifications
[2026-09-16 13:49:31] INFO: GET /profile?tab=account
[2026-09-16 13:49:31] INFO: GET /logo-aphim1.webp
[2026-09-16 13:49:31] INFO: GET /android-chrome-512x512.png
[2026-09-16 13:49:31] INFO: GET /api/settings/public
[2026-09-16 13:49:31] INFO: GET /api/movies/hidden/list
[2026-09-16 13:49:31] INFO: GET /api/notifications
[2026-09-16 13:49:31] INFO: GET /api/gamification/leaderboard?timeframe=weekly&userId=6f97c090-e524-46f8-ba35-1ee4582c987e
[2026-09-16 13:49:31] INFO: GET /api/auth/me
[2026-09-16 13:49:31] INFO: GET /favicon-32x32.png
[2026-09-16 13:49:33] INFO: GET /favicon-32x32.png
[2026-09-16 13:49:39] INFO: GET /api/auth/me
[2026-09-16 13:49:47] INFO: GET /api/auth/me
[2026-09-16 13:49:52] INFO: GET /android-chrome-512x512.png
[2026-09-16 13:49:55] INFO: GET /api/auth/me
[2026-09-16 13:49:55] INFO: GET /favicon-32x32.png
[2026-09-16 13:49:59] INFO: GET /favicon-32x32.png
[2026-09-16 13:50:03] INFO: GET /api/auth/me
[2026-09-16 13:50:04] INFO: GET /api/auth/me
[2026-09-16 13:50:07] INFO: GET /api/auth/me
[2026-09-16 13:50:07] INFO: GET /api/auth/me
[2026-09-16 13:54:16] INFO: GET /api/auth/me
[2026-09-16 13:54:16] INFO: GET /api/auth/me
[2026-09-16 13:54:17] INFO: GET /profile?tab=shop
[2026-09-16 13:54:17] INFO: GET /logo-aphim1.webp
[2026-09-16 13:54:17] INFO: GET /android-chrome-512x512.png
[2026-09-16 13:54:17] INFO: GET /api/settings/public
[2026-09-16 13:54:17] INFO: GET /api/movies/hidden/list
[2026-09-16 13:54:17] INFO: GET /api/notifications
[2026-09-16 13:54:17] INFO: GET /api/gamification/leaderboard?timeframe=weekly&userId=6f97c090-e524-46f8-ba35-1ee4582c987e
[2026-09-16 13:54:17] INFO: GET /api/auth/me
[2026-09-16 13:54:20] INFO: GET /profile?tab=shop
[2026-09-16 13:54:20] INFO: GET /logo-aphim1.webp
[2026-09-16 13:54:20] INFO: GET /android-chrome-512x512.png
[2026-09-16 13:54:20] INFO: GET /api/settings/public
[2026-09-16 13:54:20] INFO: GET /api/movies/hidden/list
[2026-09-16 13:54:20] INFO: GET /api/notifications
[2026-09-16 13:54:20] INFO: GET /api/gamification/leaderboard?timeframe=weekly&userId=6f97c090-e524-46f8-ba35-1ee4582c987e
[2026-09-16 13:54:20] INFO: GET /api/auth/me
[2026-09-16 13:54:23] INFO: GET /
[2026-09-16 13:54:23] INFO: GET /logo-aphim1.webp
[2026-09-16 13:54:23] INFO: GET /api/settings/public
[2026-09-16 13:54:23] INFO: GET /api/movies/hidden/list
[2026-09-16 13:54:23] INFO: GET /api/gamification/leaderboard?timeframe=weekly&userId=
[2026-09-16 13:54:26] INFO: POST /api/auth/login
[2026-09-16 13:54:26] INFO: GET /favicon-32x32.png
[2026-09-16 13:54:27] INFO: Login successful for demo4@gmail.com
[2026-09-16 13:54:27] INFO: GET /api/auth/me
[2026-09-16 13:54:27] INFO: GET /api/notifications
[2026-09-16 13:54:30] INFO: GET /profile?tab=shop
[2026-09-16 13:54:30] INFO: GET /logo-aphim1.webp
[2026-09-16 13:54:30] INFO: GET /android-chrome-512x512.png
[2026-09-16 13:54:30] INFO: GET /api/settings/public
[2026-09-16 13:54:30] INFO: GET /api/movies/hidden/list
[2026-09-16 13:54:30] INFO: GET /api/notifications
[2026-09-16 13:54:30] INFO: GET /api/gamification/leaderboard?timeframe=weekly&userId=6f97c090-e524-46f8-ba35-1ee4582c987e
[2026-09-16 13:54:30] INFO: GET /api/auth/me
[2026-09-16 13:54:38] INFO: GET /api/auth/me
[2026-09-16 13:54:46] INFO: GET /api/auth/me
[2026-09-16 13:54:51] INFO: GET /manifest.json
[2026-09-16 13:54:51] INFO: GET /.well-known/appspecific/com.chrome.devtools.json
[2026-09-16 13:54:54] INFO: GET /api/auth/me
[2026-09-16 13:54:57] INFO: GET /api/auth/me
[2026-09-16 13:54:57] INFO: GET /profile?tab=shop
[2026-09-16 13:54:57] INFO: GET /.well-known/appspecific/com.chrome.devtools.json
[2026-09-16 13:54:57] INFO: GET /logo-aphim1.webp
[2026-09-16 13:54:57] INFO: GET /android-chrome-512x512.png
[2026-09-16 13:54:58] INFO: GET /api/settings/public
[2026-09-16 13:54:58] INFO: GET /api/movies/hidden/list
[2026-09-16 13:54:58] INFO: GET /api/notifications
[2026-09-16 13:54:58] INFO: GET /api/gamification/leaderboard?timeframe=weekly&userId=6f97c090-e524-46f8-ba35-1ee4582c987e
[2026-09-16 13:54:58] INFO: GET /api/auth/me
[2026-09-16 13:55:06] INFO: GET /api/auth/me
[2026-09-16 13:55:14] INFO: GET /api/auth/me
[2026-09-16 13:55:24] INFO: GET /api/auth/me
[2026-09-16 13:55:27] INFO: GET /api/auth/me
[2026-09-16 13:55:30] INFO: GET /api/auth/me
[2026-09-16 13:55:30] INFO: GET /api/auth/me
[2026-09-16 13:55:38] INFO: GET /
[2026-09-16 13:55:38] INFO: GET /logo-aphim1.webp
[2026-09-16 13:55:38] INFO: GET /api/settings/public
[2026-09-16 13:55:38] INFO: GET /api/movies/hidden/list
[2026-09-16 13:55:38] INFO: GET /api/notifications
[2026-09-16 13:55:38] INFO: GET /api/gamification/leaderboard?timeframe=weekly&userId=2be1a5cc-d48d-4872-b366-3135128f361b
[2026-09-16 13:55:38] INFO: GET /api/auth/me
[2026-09-16 13:55:38] INFO: GET /api/auth/me
[2026-09-16 13:55:42] INFO: GET /api/auth/me
[2026-09-16 13:55:50] INFO: GET /api/auth/me
[2026-09-16 13:55:51] INFO: GET /profile
[2026-09-16 13:55:51] INFO: GET /api/auth/me
[2026-09-16 13:55:53] INFO: GET /
[2026-09-16 13:55:53] INFO: GET /logo-aphim1.webp
[2026-09-16 13:55:53] INFO: GET /api/settings/public
[2026-09-16 13:55:53] INFO: GET /api/movies/hidden/list
[2026-09-16 13:55:53] INFO: GET /api/notifications
[2026-09-16 13:55:53] INFO: GET /api/gamification/leaderboard?timeframe=weekly&userId=2be1a5cc-d48d-4872-b366-3135128f361b
[2026-09-16 13:55:53] INFO: GET /api/auth/me
[2026-09-16 13:55:54] INFO: GET /api/auth/me
[2026-09-16 13:55:55] INFO: GET /profile?tab=account
[2026-09-16 13:55:59] INFO: GET /api/auth/me
[2026-09-16 13:56:01] INFO: GET /
[2026-09-16 13:56:01] INFO: GET /logo-aphim1.webp
[2026-09-16 13:56:01] INFO: GET /api/settings/public
[2026-09-16 13:56:01] INFO: GET /api/movies/hidden/list
[2026-09-16 13:56:01] INFO: GET /api/gamification/leaderboard?timeframe=weekly&userId=
[2026-09-16 13:56:06] INFO: POST /api/auth/login
[2026-09-16 13:56:07] INFO: Login successful for demo1@gmail.com
[2026-09-16 13:56:09] INFO: GET /profile?tab=shop
[2026-09-16 13:56:17] INFO: GET /
[2026-09-16 13:56:17] INFO: GET /logo-aphim1.webp
[2026-09-16 13:56:17] INFO: GET /api/settings/public
[2026-09-16 13:56:17] INFO: GET /api/movies/hidden/list
[2026-09-16 13:56:18] INFO: GET /api/gamification/leaderboard?timeframe=weekly&userId=2be1a5cc-d48d-4872-b366-3135128f361b
[2026-09-16 13:56:19] INFO: GET /profile?tab=history
[2026-09-16 13:56:26] INFO: GET /phim/lan-huong-nhu-co
[2026-09-16 13:56:56] INFO: GET /admin
[2026-09-16 13:56:56] INFO: GET /api/admin/dashboard
[2026-09-16 13:56:56] INFO: GET /admin/login
[2026-09-16 13:56:57] INFO: GET /api/admin/dashboard
[2026-09-16 13:56:57] INFO: GET /admin/login
[2026-09-16 13:56:57] INFO: GET /api/admin/dashboard
[2026-09-16 13:56:57] INFO: GET /admin/login
[2026-09-16 13:56:57] INFO: GET /api/admin/dashboard
[2026-09-16 13:56:57] INFO: GET /admin/login
[2026-09-16 13:56:57] INFO: GET /api/admin/dashboard
[2026-09-16 13:56:57] INFO: GET /admin/login
[2026-09-16 13:56:57] INFO: GET /api/admin/dashboard
[2026-09-16 13:56:57] INFO: GET /admin/login
[2026-09-16 13:56:57] INFO: GET /api/admin/dashboard
[2026-09-16 13:56:58] INFO: GET /admin/login
[2026-09-16 13:56:58] INFO: GET /api/admin/dashboard
[2026-09-16 13:56:58] INFO: GET /admin/login
[2026-09-16 13:56:58] INFO: GET /api/admin/dashboard
[2026-09-16 13:56:58] INFO: GET /admin/login
[2026-09-16 13:56:58] INFO: GET /api/admin/dashboard
[2026-09-16 13:56:58] INFO: GET /admin/login
[2026-09-16 13:56:58] INFO: GET /api/admin/dashboard
[2026-09-16 13:56:58] INFO: GET /admin/login
[2026-09-16 13:56:58] INFO: GET /api/admin/dashboard
[2026-09-16 13:56:58] INFO: GET /admin/login
[2026-09-16 13:56:58] INFO: GET /api/admin/dashboard
[2026-09-16 13:56:58] INFO: GET /admin/login
[2026-09-16 13:56:59] INFO: GET /api/admin/dashboard
[2026-09-16 13:56:59] INFO: GET /admin/login
[2026-09-16 13:56:59] INFO: GET /api/admin/dashboard
[2026-09-16 13:56:59] INFO: GET /admin/login
[2026-09-16 13:56:59] INFO: GET /api/admin/dashboard
[2026-09-16 13:56:59] INFO: GET /admin/login
[2026-09-16 13:56:59] INFO: GET /api/admin/dashboard
[2026-09-16 13:56:59] INFO: GET /admin/login
[2026-09-16 13:56:59] INFO: GET /api/admin/dashboard
[2026-09-16 13:56:59] INFO: GET /admin/login
[2026-09-16 13:56:59] INFO: GET /api/admin/dashboard
[2026-09-16 13:56:59] INFO: GET /admin/login
[2026-09-16 13:56:59] INFO: GET /api/admin/dashboard
[2026-09-16 13:57:00] INFO: GET /admin/login
[2026-09-16 13:57:00] INFO: GET /api/admin/dashboard
[2026-09-16 13:57:00] INFO: GET /admin/login
[2026-09-16 13:57:00] INFO: GET /api/admin/dashboard
[2026-09-16 13:57:00] INFO: GET /admin/login
[2026-09-16 13:57:00] INFO: GET /api/admin/dashboard
[2026-09-16 13:57:00] INFO: GET /admin/login
[2026-09-16 13:57:00] INFO: GET /api/admin/dashboard
[2026-09-16 13:57:00] INFO: GET /
[2026-09-16 13:57:00] INFO: GET /logo-aphim1.webp
[2026-09-16 13:57:00] INFO: GET /api/settings/public
[2026-09-16 13:57:00] INFO: GET /api/movies/hidden/list
[2026-09-16 13:57:00] INFO: GET /manifest.json
[2026-09-16 13:57:00] INFO: GET /api/notifications
[2026-09-16 13:57:00] INFO: GET /android-chrome-512x512.png
[2026-09-16 13:57:00] INFO: GET /api/gamification/leaderboard?timeframe=weekly&userId=203fd707-328e-4080-9593-18bc9c9dbc9c
[2026-09-16 13:57:00] INFO: GET /api/auth/me
[2026-09-16 13:57:01] INFO: GET /apple-touch-icon.png
[2026-09-16 13:57:03] INFO: GET /
[2026-09-16 13:57:03] INFO: GET /logo-aphim1.webp
[2026-09-16 13:57:03] INFO: GET /api/settings/public
[2026-09-16 13:57:03] INFO: GET /api/movies/hidden/list
[2026-09-16 13:57:03] INFO: GET /manifest.json
[2026-09-16 13:57:03] INFO: GET /api/gamification/leaderboard?timeframe=weekly&userId=
[2026-09-16 13:57:03] INFO: GET /favicon-32x32.png
[2026-09-16 13:57:03] INFO: GET /apple-touch-icon.png
[2026-09-16 13:57:07] INFO: POST /api/auth/login
[2026-09-16 13:57:08] INFO: Login successful for demo1@gmail.com
[2026-09-16 13:57:11] INFO: GET /profile?tab=account
[2026-09-16 13:57:11] INFO: GET /logo-aphim1.webp
[2026-09-16 13:57:11] INFO: GET /android-chrome-512x512.png
[2026-09-16 13:57:11] INFO: GET /api/settings/public
[2026-09-16 13:57:11] INFO: GET /api/movies/hidden/list
[2026-09-16 13:57:11] INFO: GET /manifest.json
[2026-09-16 13:57:11] INFO: GET /api/gamification/leaderboard?timeframe=weekly&userId=2be1a5cc-d48d-4872-b366-3135128f361b
[2026-09-16 13:57:11] INFO: GET /apple-touch-icon.png
[2026-09-16 13:57:15] INFO: GET /manifest.json
[2026-09-16 13:57:15] INFO: GET /.well-known/appspecific/com.chrome.devtools.json
[2026-09-16 13:57:21] INFO: GET /.well-known/appspecific/com.chrome.devtools.json
[2026-09-16 13:57:40] INFO: GET /profile?tab=shop
[2026-09-16 13:57:40] INFO: GET /logo-aphim1.webp
[2026-09-16 13:57:40] INFO: GET /.well-known/appspecific/com.chrome.devtools.json
[2026-09-16 13:57:40] INFO: GET /android-chrome-512x512.png
[2026-09-16 13:57:40] INFO: GET /manifest.json
[2026-09-16 13:57:40] INFO: GET /api/settings/public
[2026-09-16 13:57:40] INFO: GET /api/movies/hidden/list
[2026-09-16 13:57:40] INFO: GET /api/gamification/leaderboard?timeframe=weekly&userId=2be1a5cc-d48d-4872-b366-3135128f361b
[2026-09-16 13:57:57] INFO: GET /
[2026-09-16 13:57:57] INFO: GET /logo-aphim1.webp
[2026-09-16 13:57:57] INFO: GET /.well-known/appspecific/com.chrome.devtools.json
[2026-09-16 13:57:57] INFO: GET /manifest.json
[2026-09-16 13:57:57] INFO: GET /api/settings/public
[2026-09-16 13:57:57] INFO: GET /api/movies/hidden/list
[2026-09-16 13:57:57] INFO: GET /api/gamification/leaderboard?timeframe=weekly&userId=2be1a5cc-d48d-4872-b366-3135128f361b
[2026-09-16 13:58:00] INFO: GET /phim/doa-hong-nguy-hiem
[2026-09-16 13:58:00] INFO: GET /.well-known/appspecific/com.chrome.devtools.json
[2026-09-16 13:58:00] INFO: GET /logo-aphim1.webp
[2026-09-16 13:58:00] INFO: GET /manifest.json
[2026-09-16 13:58:00] INFO: GET /api/settings/public
[2026-09-16 13:58:00] INFO: GET /api/movies/hidden/list
[2026-09-16 13:58:00] INFO: GET /api/gamification/leaderboard?timeframe=weekly&userId=2be1a5cc-d48d-4872-b366-3135128f361b
[2026-09-16 13:58:01] INFO: GET /api/comments/movie/doa-hong-nguy-hiem
[2026-09-16 13:58:01] INFO: GET /api/comments/stream/doa-hong-nguy-hiem
[2026-09-16 13:58:01] INFO: GET /api/vsmov/doa-hong-nguy-hiem
[2026-09-16 13:58:02] INFO: GET /api/tmdb/search/multi?query=Dangerous%20Rose
[2026-09-16 13:58:02] INFO: GET /api/actor-avatar?name=Claresta%20Taufan
[2026-09-16 13:58:02] INFO: GET /api/actor-avatar?name=Aliando%20Syarief
[2026-09-16 13:58:02] INFO: GET /api/actor-avatar?name=Anjasmara
[2026-09-16 13:58:02] INFO: GET /api/actor-avatar?name=Chris%20Laurent
[2026-09-16 13:58:02] INFO: GET /api/actor-avatar?name=Stefan%20William
[2026-09-16 13:58:03] INFO: GET /api/actor-avatar?name=Derby%20Romero
[2026-09-16 13:58:03] INFO: GET /api/actor-avatar?name=Erika%20Carlina
[2026-09-16 13:58:04] INFO: GET /api/actor-avatar?name=Rachel%20Vennya
[2026-09-16 13:58:04] INFO: GET /api/actor-avatar?name=Moslhong
[2026-09-16 13:58:05] INFO: GET /api/actor-avatar?name=Giorgio%20A.%20Chandra
[2026-09-16 13:58:05] INFO: GET /favicon-32x32.png
[2026-09-16 13:58:05] INFO: GET /apple-touch-icon.png
[2026-09-16 13:58:06] INFO: GET /api/comments/movie/doa-hong-nguy-hiem
[2026-09-16 13:58:07] INFO: GET /api/tmdb/search/multi?query=Dangerous%20Rose
[2026-09-16 13:58:08] INFO: GET /xem-phim/doa-hong-nguy-hiem/tap-01?server=0
[2026-09-16 13:58:08] INFO: GET /logo-aphim1.webp
[2026-09-16 13:58:08] INFO: GET /.well-known/appspecific/com.chrome.devtools.json
[2026-09-16 13:58:09] INFO: GET /api/settings/public
[2026-09-16 13:58:09] INFO: GET /api/movies/hidden/list
[2026-09-16 13:58:09] INFO: GET /manifest.json
[2026-09-16 13:58:09] INFO: GET /api/gamification/leaderboard?timeframe=weekly&userId=2be1a5cc-d48d-4872-b366-3135128f361b
[2026-09-16 13:58:09] INFO: GET /api/gamification/leaderboard?timeframe=weekly&userId=2be1a5cc-d48d-4872-b366-3135128f361b
[2026-09-16 13:58:09] INFO: GET /api/comments/movie/doa-hong-nguy-hiem
[2026-09-16 13:58:09] INFO: GET /api/comments/stream/doa-hong-nguy-hiem
[2026-09-16 13:58:09] INFO: GET /api/vsmov/doa-hong-nguy-hiem
[2026-09-16 13:58:10] INFO: GET /apple-touch-icon.png
[2026-09-16 13:58:11] INFO: GET /icons/play.json
[2026-09-16 13:58:11] INFO: GET /icons/gold-medal.lottie
[2026-09-16 13:58:11] INFO: GET /api/tmdb/search/movie?query=Dangerous%20Rose&year=2026
[2026-09-16 13:58:11] INFO: GET /api/tmdb/search/movie?query=%C4%90%C3%B3a%20H%E1%BB%93ng%20Nguy%20Hi%E1%BB%83m&year=2026
[2026-09-16 13:58:11] INFO: GET /api/tmdb/search/movie?query=Dangerous%20Rose
[2026-09-16 13:58:11] INFO: GET /api/tmdb/search/movie?query=%C4%90%C3%B3a%20H%E1%BB%93ng%20Nguy%20Hi%E1%BB%83m
[2026-09-16 13:58:14] INFO: GET /api/comments/movie/doa-hong-nguy-hiem
[2026-09-16 13:58:17] INFO: GET /profile
[2026-09-16 13:58:17] INFO: GET /logo-aphim1.webp
[2026-09-16 13:58:17] INFO: GET /android-chrome-512x512.png
[2026-09-16 13:58:17] INFO: GET /.well-known/appspecific/com.chrome.devtools.json
[2026-09-16 13:58:17] INFO: GET /api/settings/public
[2026-09-16 13:58:17] INFO: GET /api/movies/hidden/list
[2026-09-16 13:58:17] INFO: GET /manifest.json
[2026-09-16 13:58:17] INFO: GET /api/gamification/leaderboard?timeframe=weekly&userId=2be1a5cc-d48d-4872-b366-3135128f361b
[2026-09-16 13:58:17] INFO: GET /apple-touch-icon.png
[2026-09-16 14:04:23] INFO: GET /profile?tab=shop
[2026-09-16 14:04:23] INFO: GET /logo-aphim1.webp
[2026-09-16 14:04:23] INFO: GET /android-chrome-512x512.png
[2026-09-16 14:04:23] INFO: GET /api/settings/public
[2026-09-16 14:04:23] INFO: GET /api/movies/hidden/list
[2026-09-16 14:04:23] INFO: GET /manifest.json
[2026-09-16 14:04:23] INFO: GET /api/gamification/leaderboard?timeframe=weekly&userId=2be1a5cc-d48d-4872-b366-3135128f361b
[2026-09-16 14:04:25] INFO: GET /profile?tab=shop
[2026-09-16 14:04:25] INFO: GET /logo-aphim1.webp
[2026-09-16 14:04:25] INFO: GET /android-chrome-512x512.png
[2026-09-16 14:04:25] INFO: GET /manifest.json
[2026-09-16 14:04:25] INFO: GET /api/settings/public
[2026-09-16 14:04:25] INFO: GET /api/movies/hidden/list
[2026-09-16 14:04:25] INFO: GET /api/gamification/leaderboard?timeframe=weekly&userId=2be1a5cc-d48d-4872-b366-3135128f361b
[2026-09-16 14:04:48] INFO: GET /
[2026-09-16 14:04:48] INFO: GET /logo-aphim1.webp
[2026-09-16 14:04:48] INFO: GET /api/settings/public
[2026-09-16 14:04:48] INFO: GET /api/movies/hidden/list
[2026-09-16 14:04:48] INFO: GET /manifest.json
[2026-09-16 14:04:48] INFO: GET /api/gamification/leaderboard?timeframe=weekly&userId=2be1a5cc-d48d-4872-b366-3135128f361b
[2026-09-16 14:04:48] INFO: GET /favicon-32x32.png
[2026-09-16 14:04:48] INFO: GET /apple-touch-icon.png
[2026-09-16 14:04:50] INFO: GET /phim/hai-trai-tim
[2026-09-16 14:04:51] INFO: GET /logo-aphim1.webp
[2026-09-16 14:04:51] INFO: GET /api/settings/public
[2026-09-16 14:04:51] INFO: GET /api/movies/hidden/list
[2026-09-16 14:04:51] INFO: GET /manifest.json
[2026-09-16 14:04:51] INFO: GET /api/gamification/leaderboard?timeframe=weekly&userId=2be1a5cc-d48d-4872-b366-3135128f361b
[2026-09-16 14:04:51] INFO: GET /apple-touch-icon.png
[2026-09-16 14:04:51] INFO: GET /api/comments/movie/hai-trai-tim
[2026-09-16 14:04:51] INFO: GET /api/comments/stream/hai-trai-tim
[2026-09-16 14:04:51] INFO: GET /api/vsmov/hai-trai-tim
[2026-09-16 14:04:51] INFO: GET /api/tmdb/movie/710356/credits
[2026-09-16 14:04:51] INFO: GET /api/tmdb/movie/710356?language=vi-VN
[2026-09-16 14:04:51] INFO: GET /api/tmdb/search/multi?query=2%20Hearts
[2026-09-16 14:04:52] INFO: GET /api/actor-avatar?name=Jacob%20Elordi
[2026-09-16 14:04:52] INFO: GET /api/actor-avatar?name=Adan%20Canto
[2026-09-16 14:04:52] INFO: GET /api/actor-avatar?name=Tiera%20Skovbye
[2026-09-16 14:04:52] INFO: GET /api/actor-avatar?name=Radha%20Mitchell
[2026-09-16 14:04:52] INFO: GET /api/actor-avatar?name=Kari%20Matchett
[2026-09-16 14:04:52] INFO: GET /api/actor-avatar?name=Tahmoh%20Penikett
[2026-09-16 14:04:53] INFO: GET /api/actor-avatar?name=Steve%20Bacic
[2026-09-16 14:04:53] INFO: GET /api/actor-avatar?name=Jordan%20Burtchett
[2026-09-16 14:04:53] INFO: GET /api/actor-avatar?name=Neil%20Webb
[2026-09-16 14:04:53] INFO: GET /api/actor-avatar?name=Anthony%20Konechny
[2026-09-16 14:04:55] INFO: GET /api/tmdb/movie/710356/images
[2026-09-16 14:04:55] INFO: GET /api/tmdb/search/multi?query=2%20Hearts
[2026-09-16 14:04:56] INFO: GET /api/comments/movie/hai-trai-tim
[2026-09-16 14:05:01] INFO: GET /profile?tab=shop
[2026-09-16 14:05:01] INFO: GET /logo-aphim1.webp
[2026-09-16 14:05:01] INFO: GET /android-chrome-512x512.png
[2026-09-16 14:05:01] INFO: GET /api/settings/public
[2026-09-16 14:05:01] INFO: GET /api/movies/hidden/list
[2026-09-16 14:05:01] INFO: GET /manifest.json
[2026-09-16 14:05:01] INFO: GET /api/gamification/leaderboard?timeframe=weekly&userId=2be1a5cc-d48d-4872-b366-3135128f361b
[2026-09-16 14:07:49] INFO: GET /profile?tab=shop
[2026-09-16 14:07:49] INFO: GET /logo-aphim1.webp
[2026-09-16 14:07:49] INFO: GET /android-chrome-512x512.png
[2026-09-16 14:07:49] INFO: GET /manifest.json
[2026-09-16 14:07:49] INFO: GET /api/settings/public
[2026-09-16 14:07:49] INFO: GET /api/movies/hidden/list
[2026-09-16 14:07:49] INFO: GET /api/gamification/leaderboard?timeframe=weekly&userId=2be1a5cc-d48d-4872-b366-3135128f361b
[2026-09-16 14:09:22] INFO: GET /apple-touch-icon.png
[2026-09-16 14:09:22] INFO: GET /profile?tab=shop
[2026-09-16 14:09:22] INFO: GET /logo-aphim1.webp
[2026-09-16 14:09:22] INFO: GET /android-chrome-512x512.png
[2026-09-16 14:09:22] INFO: GET /api/settings/public
[2026-09-16 14:09:22] INFO: GET /api/movies/hidden/list
[2026-09-16 14:09:22] INFO: GET /manifest.json
[2026-09-16 14:09:22] INFO: GET /api/gamification/leaderboard?timeframe=weekly&userId=2be1a5cc-d48d-4872-b366-3135128f361b
[2026-09-16 14:09:43] INFO: GET /apple-touch-icon.png
[2026-09-16 14:09:43] INFO: GET /profile?tab=shop
[2026-09-16 14:09:43] INFO: GET /logo-aphim1.webp
[2026-09-16 14:09:43] INFO: GET /android-chrome-512x512.png
[2026-09-16 14:09:43] INFO: GET /api/settings/public
[2026-09-16 14:09:43] INFO: GET /api/movies/hidden/list
[2026-09-16 14:09:43] INFO: GET /manifest.json
[2026-09-16 14:09:43] INFO: GET /api/gamification/leaderboard?timeframe=weekly&userId=2be1a5cc-d48d-4872-b366-3135128f361b
[2026-09-16 14:10:09] INFO: GET /api/auth/me
[2026-09-16 14:10:11] INFO: GET /apple-touch-icon.png
[2026-09-16 14:10:11] INFO: GET /profile?tab=shop
[2026-09-16 14:10:11] INFO: GET /logo-aphim1.webp
[2026-09-16 14:10:11] INFO: GET /android-chrome-512x512.png
[2026-09-16 14:10:11] INFO: GET /api/settings/public
[2026-09-16 14:10:11] INFO: GET /api/movies/hidden/list
[2026-09-16 14:10:11] INFO: GET /manifest.json
[2026-09-16 14:10:11] INFO: GET /api/gamification/leaderboard?timeframe=weekly&userId=2be1a5cc-d48d-4872-b366-3135128f361b
[2026-09-16 14:10:36] INFO: GET /profile?tab=shop
[2026-09-16 14:10:36] INFO: GET /logo-aphim1.webp
[2026-09-16 14:10:36] INFO: GET /android-chrome-512x512.png
[2026-09-16 14:10:36] INFO: GET /manifest.json
[2026-09-16 14:10:36] INFO: GET /api/settings/public
[2026-09-16 14:10:36] INFO: GET /api/movies/hidden/list
[2026-09-16 14:10:37] INFO: GET /api/gamification/leaderboard?timeframe=weekly&userId=2be1a5cc-d48d-4872-b366-3135128f361b
[2026-09-16 14:11:07] INFO: GET /profile?tab=shop
[2026-09-16 14:11:07] INFO: GET /logo-aphim1.webp
[2026-09-16 14:11:07] INFO: GET /android-chrome-512x512.png
[2026-09-16 14:11:07] INFO: GET /manifest.json
[2026-09-16 14:11:07] INFO: GET /api/settings/public
[2026-09-16 14:11:07] INFO: GET /api/movies/hidden/list
[2026-09-16 14:11:07] INFO: GET /api/gamification/leaderboard?timeframe=weekly&userId=2be1a5cc-d48d-4872-b366-3135128f361b
[2026-09-16 15:35:37] INFO: GET /api/auth/me
[2026-09-16 15:35:39] INFO: GET /profile?tab=shop
[2026-09-16 15:35:39] INFO: GET /api/auth/me
[2026-09-16 15:35:39] INFO: GET /logo-aphim1.webp
[2026-09-16 15:35:39] INFO: GET /android-chrome-512x512.png
[2026-09-16 15:35:39] INFO: GET /api/settings/public
[2026-09-16 15:35:39] INFO: GET /api/movies/hidden/list
[2026-09-16 15:35:39] INFO: GET /api/notifications
[2026-09-16 15:35:39] INFO: GET /api/gamification/leaderboard?timeframe=weekly&userId=6f97c090-e524-46f8-ba35-1ee4582c987e
[2026-09-16 15:35:39] INFO: GET /api/auth/me
[2026-09-16 15:35:45] INFO: GET /phim-theo-quoc-gia?country=viet-nam
[2026-09-16 15:35:45] INFO: GET /logo-aphim1.webp
[2026-09-16 15:35:45] INFO: GET /api/settings/public
[2026-09-16 15:35:45] INFO: GET /api/movies/hidden/list
[2026-09-16 15:35:45] INFO: GET /api/notifications
[2026-09-16 15:35:45] INFO: GET /api/gamification/leaderboard?timeframe=weekly&userId=6f97c090-e524-46f8-ba35-1ee4582c987e
[2026-09-16 15:35:45] INFO: GET /api/auth/me
[2026-09-16 15:35:45] INFO: GET /favicon-32x32.png
[2026-09-16 15:35:49] INFO: GET /phim/cuoi-vo-cho-cha
[2026-09-16 15:35:49] INFO: GET /logo-aphim1.webp
[2026-09-16 15:35:49] INFO: GET /api/settings/public
[2026-09-16 15:35:49] INFO: GET /api/movies/hidden/list
[2026-09-16 15:35:49] INFO: GET /api/auth/me
[2026-09-16 15:35:49] INFO: GET /api/notifications
[2026-09-16 15:35:49] INFO: GET /api/gamification/leaderboard?timeframe=weekly&userId=6f97c090-e524-46f8-ba35-1ee4582c987e
[2026-09-16 15:35:49] INFO: GET /favicon-32x32.png
[2026-09-16 15:35:49] INFO: GET /api/comments/movie/cuoi-vo-cho-cha
[2026-09-16 15:35:49] INFO: GET /api/comments/stream/cuoi-vo-cho-cha
[2026-09-16 15:35:49] INFO: GET /api/vsmov/cuoi-vo-cho-cha
[2026-09-16 15:35:51] INFO: GET /api/tmdb/search/multi?query=Father%20of%20the%20Groom
[2026-09-16 15:35:51] INFO: GET /api/tmdb/search/multi?query=Father%20of%20the%20Groom
[2026-09-16 15:35:54] INFO: GET /api/comments/movie/cuoi-vo-cho-cha
[2026-09-16 15:35:57] INFO: GET /api/auth/me
[2026-09-16 15:35:59] INFO: GET /profile?tab=account
[2026-09-16 15:35:59] INFO: GET /logo-aphim1.webp
[2026-09-16 15:35:59] INFO: GET /android-chrome-512x512.png
[2026-09-16 15:35:59] INFO: GET /api/settings/public
[2026-09-16 15:35:59] INFO: GET /api/movies/hidden/list
[2026-09-16 15:35:59] INFO: GET /api/notifications
[2026-09-16 15:35:59] INFO: GET /api/gamification/leaderboard?timeframe=weekly&userId=6f97c090-e524-46f8-ba35-1ee4582c987e
[2026-09-16 15:35:59] INFO: GET /api/auth/me
[2026-09-16 15:35:59] INFO: GET /favicon-32x32.png
[2026-09-16 15:36:06] INFO: GET /api/auth/me
[2026-09-16 15:36:06] INFO: PUT /api/auth/updatedetails
[2026-09-16 15:36:06] INFO: GET /api/auth/me
[2026-09-16 15:36:09] INFO: GET /favicon-32x32.png
[2026-09-16 15:36:14] INFO: PUT /api/auth/updatedetails
[2026-09-16 15:36:14] INFO: PUT /api/auth/updatedetails
[2026-09-16 15:36:14] INFO: PUT /api/auth/updatedetails
[2026-09-16 15:36:14] INFO: GET /api/auth/me
[2026-09-16 15:36:17] INFO: GET /profile?tab=shop
[2026-09-16 15:36:17] INFO: GET /logo-aphim1.webp
[2026-09-16 15:36:17] INFO: GET /android-chrome-512x512.png
[2026-09-16 15:36:17] INFO: GET /api/settings/public
[2026-09-16 15:36:17] INFO: GET /api/movies/hidden/list
[2026-09-16 15:36:17] INFO: GET /api/notifications
[2026-09-16 15:36:17] INFO: GET /api/gamification/leaderboard?timeframe=weekly&userId=6f97c090-e524-46f8-ba35-1ee4582c987e
[2026-09-16 15:36:17] INFO: GET /api/auth/me
[2026-09-16 15:36:20] INFO: GET /phim-theo-quoc-gia?country=viet-nam
[2026-09-16 15:36:20] INFO: GET /logo-aphim1.webp
[2026-09-16 15:36:20] INFO: GET /api/settings/public
[2026-09-16 15:36:20] INFO: GET /api/movies/hidden/list
[2026-09-16 15:36:20] INFO: GET /api/notifications
[2026-09-16 15:36:20] INFO: GET /api/gamification/leaderboard?timeframe=weekly&userId=6f97c090-e524-46f8-ba35-1ee4582c987e
[2026-09-16 15:36:20] INFO: GET /api/auth/me
[2026-09-16 15:36:22] INFO: GET /favicon-32x32.png
[2026-09-16 15:36:23] INFO: GET /phim/hen-em-ngay-nhat-thuc
[2026-09-16 15:36:23] INFO: GET /logo-aphim1.webp
[2026-09-16 15:36:23] INFO: GET /api/settings/public
[2026-09-16 15:36:23] INFO: GET /api/movies/hidden/list
[2026-09-16 15:36:23] INFO: GET /api/auth/me
[2026-09-16 15:36:23] INFO: GET /api/notifications
[2026-09-16 15:36:23] INFO: GET /api/gamification/leaderboard?timeframe=weekly&userId=6f97c090-e524-46f8-ba35-1ee4582c987e
[2026-09-16 15:36:23] INFO: GET /favicon-32x32.png
[2026-09-16 15:36:24] INFO: GET /api/comments/movie/hen-em-ngay-nhat-thuc
[2026-09-16 15:36:24] INFO: GET /api/comments/stream/hen-em-ngay-nhat-thuc
[2026-09-16 15:36:24] INFO: GET /api/vsmov/hen-em-ngay-nhat-thuc
[2026-09-16 15:36:25] INFO: GET /api/tmdb/search/multi?query=Meet%20Me%20at%20the%20Eclipse
[2026-09-16 15:36:25] INFO: GET /api/tmdb/search/multi?query=Meet%20Me%20at%20the%20Eclipse
[2026-09-16 15:36:29] INFO: GET /api/comments/movie/hen-em-ngay-nhat-thuc
[2026-09-16 15:36:31] INFO: GET /api/auth/me
[2026-09-16 15:36:34] INFO: GET /api/comments/movie/hen-em-ngay-nhat-thuc
[2026-09-16 15:36:36] INFO: POST /api/comments/6aa93297610464a6324138e4/react
[2026-09-16 15:36:36] INFO: GET /api/comments/movie/hen-em-ngay-nhat-thuc
[2026-09-16 15:36:36] INFO: GET /api/comments/movie/hen-em-ngay-nhat-thuc
[2026-09-16 15:36:36] INFO: GET /api/comments/movie/hen-em-ngay-nhat-thuc
[2026-09-16 15:36:39] INFO: GET /api/comments/movie/hen-em-ngay-nhat-thuc
[2026-09-16 15:36:39] INFO: GET /api/auth/me
[2026-09-16 15:36:44] INFO: GET /api/comments/movie/hen-em-ngay-nhat-thuc
[2026-09-16 15:36:47] INFO: GET /api/auth/me
[2026-09-16 15:36:49] INFO: GET /api/comments/movie/hen-em-ngay-nhat-thuc
[2026-09-16 15:36:49] INFO: GET /phim/hen-em-ngay-nhat-thuc
[2026-09-16 15:36:49] INFO: GET /logo-aphim1.webp
[2026-09-16 15:36:49] INFO: GET /api/settings/public
[2026-09-16 15:36:49] INFO: GET /api/movies/hidden/list
[2026-09-16 15:36:49] INFO: GET /api/gamification/leaderboard?timeframe=weekly&userId=
[2026-09-16 15:36:49] INFO: GET /favicon-32x32.png
[2026-09-16 15:36:49] INFO: GET /api/comments/movie/hen-em-ngay-nhat-thuc
[2026-09-16 15:36:49] INFO: GET /api/comments/stream/hen-em-ngay-nhat-thuc
[2026-09-16 15:36:49] INFO: GET /api/vsmov/hen-em-ngay-nhat-thuc
[2026-09-16 15:36:49] INFO: GET /api/tmdb/search/multi?query=Meet%20Me%20at%20the%20Eclipse
[2026-09-16 15:36:49] INFO: GET /api/tmdb/search/multi?query=Meet%20Me%20at%20the%20Eclipse
[2026-09-16 15:36:54] INFO: GET /api/comments/movie/hen-em-ngay-nhat-thuc
[2026-09-16 15:36:54] INFO: POST /api/auth/login
[2026-09-16 15:36:56] INFO: Login successful for demo1@gmail.com
[2026-09-16 15:36:59] INFO: GET /api/comments/movie/hen-em-ngay-nhat-thuc
[2026-09-16 15:37:04] INFO: GET /api/comments/movie/hen-em-ngay-nhat-thuc
[2026-09-16 15:37:05] INFO: POST /api/comments/6aa93297610464a6324138e4/react
[2026-09-16 15:37:05] INFO: GET /api/comments/movie/hen-em-ngay-nhat-thuc
[2026-09-16 15:37:05] INFO: GET /api/comments/movie/hen-em-ngay-nhat-thuc
[2026-09-16 15:37:05] INFO: GET /api/comments/movie/hen-em-ngay-nhat-thuc
[2026-09-16 15:37:09] INFO: GET /api/comments/movie/hen-em-ngay-nhat-thuc
[2026-09-16 15:37:10] INFO: GET /xem-phim/hen-em-ngay-nhat-thuc/tap-full?server=0
[2026-09-16 15:37:10] INFO: GET /logo-aphim1.webp
[2026-09-16 15:37:10] INFO: GET /api/settings/public
[2026-09-16 15:37:10] INFO: GET /api/movies/hidden/list
[2026-09-16 15:37:10] INFO: GET /api/gamification/leaderboard?timeframe=weekly&userId=2be1a5cc-d48d-4872-b366-3135128f361b
[2026-09-16 15:37:11] INFO: GET /api/comments/movie/hen-em-ngay-nhat-thuc
[2026-09-16 15:37:11] INFO: GET /api/comments/stream/hen-em-ngay-nhat-thuc
[2026-09-16 15:37:11] INFO: GET /api/vsmov/hen-em-ngay-nhat-thuc
[2026-09-16 15:37:11] INFO: GET /favicon-32x32.png
[2026-09-16 15:37:11] INFO: GET /api/gamification/leaderboard?timeframe=weekly&userId=2be1a5cc-d48d-4872-b366-3135128f361b
[2026-09-16 15:37:11] INFO: GET /icons/play.json
[2026-09-16 15:37:12] INFO: GET /icons/gold-medal.lottie
[2026-09-16 15:37:12] INFO: GET /api/tmdb/movie/1635425/credits
[2026-09-16 15:37:12] INFO: GET /api/tmdb/search/movie?query=Meet%20Me%20at%20the%20Eclipse&year=2026
[2026-09-16 15:37:12] INFO: GET /api/tmdb/search/movie?query=H%E1%BA%B9n%20Em%20Ng%C3%A0y%20Nh%E1%BA%ADt%20Th%E1%BB%B1c&year=2026
[2026-09-16 15:37:12] INFO: GET /api/tmdb/search/movie?query=Meet%20Me%20at%20the%20Eclipse
[2026-09-16 15:37:12] INFO: GET /api/tmdb/search/movie?query=H%E1%BA%B9n%20Em%20Ng%C3%A0y%20Nh%E1%BA%ADt%20Th%E1%BB%B1c
[2026-09-16 15:37:16] INFO: GET /api/comments/movie/hen-em-ngay-nhat-thuc
[2026-09-16 15:37:22] INFO: GET /api/comments/movie/hen-em-ngay-nhat-thuc
[2026-09-16 15:37:26] INFO: GET /api/comments/movie/hen-em-ngay-nhat-thuc
[2026-09-16 15:37:31] INFO: GET /api/comments/movie/hen-em-ngay-nhat-thuc
[2026-09-16 15:37:37] INFO: GET /api/comments/movie/hen-em-ngay-nhat-thuc
[2026-09-16 15:37:41] INFO: GET /api/comments/movie/hen-em-ngay-nhat-thuc
[2026-09-16 15:37:47] INFO: GET /api/comments/movie/hen-em-ngay-nhat-thuc
[2026-09-16 15:37:52] INFO: GET /api/comments/movie/hen-em-ngay-nhat-thuc
[2026-09-16 15:37:56] INFO: GET /api/comments/movie/hen-em-ngay-nhat-thuc
[2026-09-16 15:38:01] INFO: GET /api/comments/movie/hen-em-ngay-nhat-thuc
[2026-09-16 15:38:07] INFO: GET /api/comments/movie/hen-em-ngay-nhat-thuc
[2026-09-16 15:38:11] INFO: GET /api/comments/movie/hen-em-ngay-nhat-thuc
[2026-09-16 15:38:17] INFO: GET /api/comments/movie/hen-em-ngay-nhat-thuc
[2026-09-16 15:39:21] INFO: GET /api/comments/movie/hen-em-ngay-nhat-thuc
[2026-09-16 15:40:21] INFO: GET /api/comments/movie/hen-em-ngay-nhat-thuc
[2026-09-16 15:41:21] INFO: GET /api/comments/movie/hen-em-ngay-nhat-thuc
[2026-09-16 15:42:21] INFO: GET /api/comments/movie/hen-em-ngay-nhat-thuc
[2026-09-16 15:42:57] INFO: GET /api/comments/movie/hen-em-ngay-nhat-thuc
[2026-09-16 15:43:01] INFO: GET /api/comments/movie/hen-em-ngay-nhat-thuc
[2026-09-16 15:43:04] INFO: GET /admin
[2026-09-16 15:43:05] INFO: GET /admin/login
[2026-09-16 15:43:05] INFO: GET /favicon.ico
[2026-09-16 15:43:07] INFO: GET /api/comments/movie/hen-em-ngay-nhat-thuc
[2026-09-16 15:43:09] INFO: POST /api/admin/login
[2026-09-16 15:43:09] INFO: GET /favicon.ico
[2026-09-16 15:43:11] INFO: GET /admin
[2026-09-16 15:43:11] INFO: GET /api/admin/dashboard
[2026-09-16 15:43:11] INFO: GET /favicon.ico
[2026-09-16 15:43:12] INFO: GET /api/comments/movie/hen-em-ngay-nhat-thuc
[2026-09-16 15:43:13] INFO: GET /admin/subscriptions
[2026-09-16 15:43:13] INFO: GET /api/admin/dashboard
[2026-09-16 15:43:13] INFO: GET /favicon.ico
[2026-09-16 15:43:13] INFO: GET /admin/users
[2026-09-16 15:43:13] INFO: GET /api/admin/users?page=1&limit=20&search=&role=
[2026-09-16 15:43:13] INFO: GET /favicon.ico
[2026-09-16 15:43:14] INFO: GET /api/admin/dashboard
[2026-09-16 15:43:16] INFO: GET /api/comments/movie/hen-em-ngay-nhat-thuc
[2026-09-16 15:43:21] INFO: GET /api/comments/movie/hen-em-ngay-nhat-thuc
[2026-09-16 15:43:27] INFO: GET /api/comments/movie/hen-em-ngay-nhat-thuc
[2026-09-16 15:43:31] INFO: GET /api/comments/movie/hen-em-ngay-nhat-thuc
[2026-09-16 15:43:36] INFO: GET /api/comments/movie/hen-em-ngay-nhat-thuc
[2026-09-16 15:43:42] INFO: GET /api/comments/movie/hen-em-ngay-nhat-thuc
[2026-09-16 15:43:47] INFO: GET /api/comments/movie/hen-em-ngay-nhat-thuc
[2026-09-16 15:43:52] INFO: GET /api/comments/movie/hen-em-ngay-nhat-thuc
[2026-09-16 15:43:57] INFO: GET /api/comments/movie/hen-em-ngay-nhat-thuc
[2026-09-16 15:44:21] INFO: GET /api/comments/movie/hen-em-ngay-nhat-thuc
[2026-09-16 15:45:21] INFO: GET /api/comments/movie/hen-em-ngay-nhat-thuc
[2026-09-16 15:46:21] INFO: GET /api/comments/movie/hen-em-ngay-nhat-thuc
[2026-09-16 15:46:33] INFO: GET /api/comments/stream/hen-em-ngay-nhat-thuc
[2026-09-16 15:47:16] INFO: GET /api/comments/stream/hen-em-ngay-nhat-thuc
[2026-09-16 15:47:21] INFO: GET /api/comments/movie/hen-em-ngay-nhat-thuc
[2026-09-16 15:47:31] INFO: GET /admin/users
[2026-09-16 15:47:31] INFO: GET /api/admin/dashboard
[2026-09-16 15:47:31] INFO: GET /api/admin/users?page=1&limit=20&search=&role=
[2026-09-16 15:47:32] INFO: GET /favicon.ico
[2026-09-16 15:47:54] INFO: GET /favicon.ico
[2026-09-16 15:48:21] INFO: GET /api/comments/movie/hen-em-ngay-nhat-thuc
[2026-09-16 15:48:38] INFO: GET /api/admin/users?page=1&limit=20&search=&role=
[2026-09-16 15:49:09] INFO: GET /
[2026-09-16 15:49:09] INFO: GET /logo-aphim1.webp
[2026-09-16 15:49:09] INFO: GET /api/settings/public
[2026-09-16 15:49:09] INFO: GET /api/movies/hidden/list
[2026-09-16 15:49:09] INFO: GET /api/gamification/leaderboard?timeframe=weekly&userId=2be1a5cc-d48d-4872-b366-3135128f361b
[2026-09-16 15:49:09] INFO: GET /favicon-32x32.png
[2026-09-16 15:49:11] INFO: GET /profile?tab=account
[2026-09-16 15:49:11] INFO: GET /logo-aphim1.webp
[2026-09-16 15:49:11] INFO: GET /android-chrome-512x512.png
[2026-09-16 15:49:11] INFO: GET /api/settings/public
[2026-09-16 15:49:11] INFO: GET /api/movies/hidden/list
[2026-09-16 15:49:11] INFO: GET /api/gamification/leaderboard?timeframe=weekly&userId=2be1a5cc-d48d-4872-b366-3135128f361b
[2026-09-16 15:49:11] INFO: GET /favicon-32x32.png
[2026-09-16 15:49:21] INFO: GET /api/comments/movie/hen-em-ngay-nhat-thuc
[2026-09-16 15:49:23] INFO: PUT /api/admin/users/2be1a5cc-d48d-4872-b366-3135128f361b/gamification
[2026-09-16 15:49:26] INFO: GET /.well-known/appspecific/com.chrome.devtools.json
[2026-09-16 15:50:21] INFO: GET /api/comments/movie/hen-em-ngay-nhat-thuc
[2026-09-16 15:51:20] INFO: GET /api/comments/movie/hen-em-ngay-nhat-thuc
[2026-09-16 15:52:04] INFO: GET /api/comments/stream/hen-em-ngay-nhat-thuc
[2026-09-16 15:52:17] INFO: GET /api/comments/stream/hen-em-ngay-nhat-thuc
[2026-09-16 15:52:21] INFO: GET /api/comments/movie/hen-em-ngay-nhat-thuc
[2026-09-16 15:53:21] INFO: GET /api/comments/movie/hen-em-ngay-nhat-thuc
[2026-09-16 15:54:15] INFO: GET /admin/users
[2026-09-16 15:54:16] INFO: GET /api/admin/dashboard
[2026-09-16 15:54:16] INFO: GET /api/admin/users?page=1&limit=20&search=&role=
[2026-09-16 15:54:16] INFO: GET /favicon.ico
[2026-09-16 15:54:21] INFO: GET /api/comments/movie/hen-em-ngay-nhat-thuc
[2026-09-16 15:54:27] INFO: PUT /api/admin/users/2be1a5cc-d48d-4872-b366-3135128f361b/gamification
[2026-09-16 15:54:27] INFO: GET /favicon.ico
[2026-09-16 15:54:43] INFO: GET /.well-known/appspecific/com.chrome.devtools.json
[2026-09-16 15:55:21] INFO: GET /api/comments/movie/hen-em-ngay-nhat-thuc
[2026-09-16 15:55:36] INFO: GET /api/comments/stream/hen-em-ngay-nhat-thuc
[2026-09-16 15:56:21] INFO: GET /api/comments/movie/hen-em-ngay-nhat-thuc
[2026-09-16 15:56:49] INFO: GET /admin/login
[2026-09-16 15:56:49] INFO: GET /favicon.ico
[2026-09-16 15:56:52] INFO: POST /api/admin/login
[2026-09-16 15:56:52] INFO: GET /favicon.ico
[2026-09-16 15:56:53] INFO: GET /admin
[2026-09-16 15:56:54] INFO: GET /api/admin/dashboard
[2026-09-16 15:56:54] INFO: GET /favicon.ico
[2026-09-16 15:56:55] INFO: GET /admin/users
[2026-09-16 15:56:55] INFO: GET /api/admin/users?page=1&limit=20&search=&role=
[2026-09-16 15:56:55] INFO: GET /favicon.ico
[2026-09-16 15:56:55] INFO: GET /api/admin/dashboard
[2026-09-16 15:57:05] INFO: PUT /api/admin/users/2be1a5cc-d48d-4872-b366-3135128f361b/gamification
[2026-09-16 15:57:10] INFO: GET /api/admin/users?page=1&limit=20&search=&role=
[2026-09-16 15:57:14] INFO: GET /profile?tab=account
[2026-09-16 15:57:14] INFO: GET /logo-aphim1.webp
[2026-09-16 15:57:14] INFO: GET /android-chrome-512x512.png
[2026-09-16 15:57:14] INFO: GET /api/settings/public
[2026-09-16 15:57:14] INFO: GET /api/movies/hidden/list
[2026-09-16 15:57:14] INFO: GET /api/gamification/leaderboard?timeframe=weekly&userId=2be1a5cc-d48d-4872-b366-3135128f361b
[2026-09-16 15:57:14] INFO: GET /favicon-32x32.png
[2026-09-16 15:57:21] INFO: GET /api/comments/movie/hen-em-ngay-nhat-thuc
[2026-09-16 15:57:23] INFO: GET /profile?tab=account
[2026-09-16 15:57:23] INFO: GET /logo-aphim1.webp
[2026-09-16 15:57:23] INFO: GET /android-chrome-512x512.png
[2026-09-16 15:57:23] INFO: GET /api/settings/public
[2026-09-16 15:57:23] INFO: GET /api/movies/hidden/list
[2026-09-16 15:57:23] INFO: GET /api/gamification/leaderboard?timeframe=weekly&userId=2be1a5cc-d48d-4872-b366-3135128f361b
[2026-09-16 15:57:23] INFO: GET /favicon-32x32.png
[2026-09-16 15:57:46] INFO: GET /
[2026-09-16 15:57:46] INFO: GET /logo-aphim1.webp
[2026-09-16 15:57:46] INFO: GET /api/settings/public
[2026-09-16 15:57:46] INFO: GET /api/movies/hidden/list
[2026-09-16 15:57:46] INFO: GET /api/gamification/leaderboard?timeframe=weekly&userId=
[2026-09-16 15:57:46] INFO: GET /favicon-32x32.png
[2026-09-16 15:57:49] INFO: POST /api/auth/login
[2026-09-16 15:57:49] INFO: Login successful for demo1@gmail.com
[2026-09-16 15:57:51] INFO: GET /profile?tab=account
[2026-09-16 15:57:51] INFO: GET /logo-aphim1.webp
[2026-09-16 15:57:51] INFO: GET /android-chrome-512x512.png
[2026-09-16 15:57:51] INFO: GET /api/settings/public
[2026-09-16 15:57:51] INFO: GET /api/movies/hidden/list
[2026-09-16 15:57:51] INFO: GET /api/gamification/leaderboard?timeframe=weekly&userId=2be1a5cc-d48d-4872-b366-3135128f361b
[2026-09-16 15:57:51] INFO: GET /favicon-32x32.png
[2026-09-16 15:58:03] INFO: PUT /api/admin/users/2be1a5cc-d48d-4872-b366-3135128f361b/gamification
[2026-09-16 15:58:04] INFO: GET /favicon.ico
[2026-09-16 15:58:06] INFO: GET /profile?tab=account
[2026-09-16 15:58:06] INFO: GET /logo-aphim1.webp
[2026-09-16 15:58:06] INFO: GET /android-chrome-512x512.png
[2026-09-16 15:58:06] INFO: GET /api/settings/public
[2026-09-16 15:58:06] INFO: GET /api/movies/hidden/list
[2026-09-16 15:58:07] INFO: GET /api/gamification/leaderboard?timeframe=weekly&userId=2be1a5cc-d48d-4872-b366-3135128f361b
[2026-09-16 15:58:07] INFO: GET /favicon-32x32.png
[2026-09-16 15:58:11] INFO: GET /profile?tab=account
[2026-09-16 15:58:11] INFO: GET /logo-aphim1.webp
[2026-09-16 15:58:11] INFO: GET /android-chrome-512x512.png
[2026-09-16 15:58:11] INFO: GET /api/settings/public
[2026-09-16 15:58:11] INFO: GET /api/movies/hidden/list
[2026-09-16 15:58:11] INFO: GET /api/gamification/leaderboard?timeframe=weekly&userId=2be1a5cc-d48d-4872-b366-3135128f361b
[2026-09-16 15:58:11] INFO: GET /favicon-32x32.png
[2026-09-16 15:58:21] INFO: GET /api/comments/movie/hen-em-ngay-nhat-thuc
[2026-09-16 15:58:24] INFO: GET /profile?tab=account
[2026-09-16 15:58:24] INFO: GET /logo-aphim1.webp
[2026-09-16 15:58:24] INFO: GET /android-chrome-512x512.png
[2026-09-16 15:58:24] INFO: GET /api/settings/public
[2026-09-16 15:58:24] INFO: GET /api/movies/hidden/list
[2026-09-16 15:58:24] INFO: GET /api/gamification/leaderboard?timeframe=weekly&userId=2be1a5cc-d48d-4872-b366-3135128f361b
[2026-09-16 15:58:24] INFO: GET /favicon-32x32.png
[2026-09-16 15:59:06] INFO: GET /profile?tab=account
[2026-09-16 15:59:06] INFO: GET /logo-aphim1.webp
[2026-09-16 15:59:06] INFO: GET /android-chrome-512x512.png
[2026-09-16 15:59:06] INFO: GET /api/settings/public
[2026-09-16 15:59:06] INFO: GET /api/movies/hidden/list
[2026-09-16 15:59:06] INFO: GET /api/gamification/leaderboard?timeframe=weekly&userId=2be1a5cc-d48d-4872-b366-3135128f361b
[2026-09-16 15:59:06] INFO: GET /favicon-32x32.png
[2026-09-16 15:59:21] INFO: GET /api/comments/movie/hen-em-ngay-nhat-thuc
[2026-09-16 16:00:20] INFO: GET /api/comments/movie/hen-em-ngay-nhat-thuc
[2026-09-16 16:00:59] INFO: GET /api/comments/stream/hen-em-ngay-nhat-thuc
[2026-09-16 16:01:15] INFO: GET /api/comments/stream/hen-em-ngay-nhat-thuc
[2026-09-16 16:01:21] INFO: GET /api/comments/movie/hen-em-ngay-nhat-thuc
[2026-09-16 16:02:20] INFO: GET /api/comments/movie/hen-em-ngay-nhat-thuc
[2026-09-16 16:02:56] INFO: GET /api/comments/stream/hen-em-ngay-nhat-thuc
[2026-09-16 16:03:21] INFO: GET /api/comments/movie/hen-em-ngay-nhat-thuc
[2026-09-16 16:04:21] INFO: GET /api/comments/movie/hen-em-ngay-nhat-thuc
[2026-09-16 16:04:28] INFO: GET /profile?tab=account
[2026-09-16 16:04:28] INFO: GET /logo-aphim1.webp
[2026-09-16 16:04:28] INFO: GET /android-chrome-512x512.png
[2026-09-16 16:04:28] INFO: GET /api/settings/public
[2026-09-16 16:04:28] INFO: GET /api/movies/hidden/list
[2026-09-16 16:04:28] INFO: GET /api/gamification/leaderboard?timeframe=weekly&userId=2be1a5cc-d48d-4872-b366-3135128f361b
[2026-09-16 16:04:28] INFO: GET /favicon-32x32.png
[2026-09-16 16:04:30] INFO: GET /profile?tab=account
[2026-09-16 16:04:30] INFO: GET /logo-aphim1.webp
[2026-09-16 16:04:30] INFO: GET /android-chrome-512x512.png
[2026-09-16 16:04:30] INFO: GET /api/settings/public
[2026-09-16 16:04:30] INFO: GET /api/movies/hidden/list
[2026-09-16 16:04:30] INFO: GET /api/gamification/leaderboard?timeframe=weekly&userId=2be1a5cc-d48d-4872-b366-3135128f361b
[2026-09-16 16:04:31] INFO: GET /favicon-32x32.png
[2026-09-16 16:04:33] INFO: GET /
[2026-09-16 16:04:33] INFO: GET /logo-aphim1.webp
[2026-09-16 16:04:33] INFO: GET /api/settings/public
[2026-09-16 16:04:33] INFO: GET /api/movies/hidden/list
[2026-09-16 16:04:34] INFO: GET /api/gamification/leaderboard?timeframe=weekly&userId=
[2026-09-16 16:04:34] INFO: GET /favicon-32x32.png
[2026-09-16 16:04:36] INFO: POST /api/auth/login
[2026-09-16 16:04:37] INFO: Login successful for demo1@gmail.com
[2026-09-16 16:04:39] INFO: GET /profile?tab=account
[2026-09-16 16:04:40] INFO: GET /logo-aphim1.webp
[2026-09-16 16:04:40] INFO: GET /android-chrome-512x512.png
[2026-09-16 16:04:40] INFO: GET /api/settings/public
[2026-09-16 16:04:40] INFO: GET /api/movies/hidden/list
[2026-09-16 16:04:40] INFO: GET /api/gamification/leaderboard?timeframe=weekly&userId=2be1a5cc-d48d-4872-b366-3135128f361b
[2026-09-16 16:04:40] INFO: GET /favicon-32x32.png
[2026-09-16 16:04:45] INFO: GET /admin/login
[2026-09-16 16:04:46] INFO: GET /favicon.ico
[2026-09-16 16:04:50] INFO: POST /api/admin/login
[2026-09-16 16:04:50] INFO: GET /favicon.ico
[2026-09-16 16:04:51] INFO: GET /admin
[2026-09-16 16:04:52] INFO: GET /api/admin/dashboard
[2026-09-16 16:04:52] INFO: GET /favicon.ico
[2026-09-16 16:04:53] INFO: GET /admin/users
[2026-09-16 16:04:53] INFO: GET /api/admin/users?page=1&limit=20&search=&role=
[2026-09-16 16:04:53] INFO: GET /api/admin/dashboard
[2026-09-16 16:04:53] INFO: GET /favicon.ico
[2026-09-16 16:05:02] INFO: PUT /api/admin/users/2be1a5cc-d48d-4872-b366-3135128f361b/gamification
[2026-09-16 16:05:07] INFO: GET /profile?tab=account
[2026-09-16 16:05:07] INFO: GET /logo-aphim1.webp
[2026-09-16 16:05:07] INFO: GET /android-chrome-512x512.png
[2026-09-16 16:05:07] INFO: GET /api/settings/public
[2026-09-16 16:05:07] INFO: GET /api/movies/hidden/list
[2026-09-16 16:05:07] INFO: GET /api/gamification/leaderboard?timeframe=weekly&userId=2be1a5cc-d48d-4872-b366-3135128f361b
[2026-09-16 16:05:07] INFO: GET /favicon-32x32.png
[2026-09-16 16:05:11] INFO: GET /profile?tab=account
[2026-09-16 16:05:11] INFO: GET /logo-aphim1.webp
[2026-09-16 16:05:11] INFO: GET /android-chrome-512x512.png
[2026-09-16 16:05:11] INFO: GET /api/settings/public
[2026-09-16 16:05:11] INFO: GET /api/movies/hidden/list
[2026-09-16 16:05:11] INFO: GET /api/gamification/leaderboard?timeframe=weekly&userId=2be1a5cc-d48d-4872-b366-3135128f361b
[2026-09-16 16:05:11] INFO: GET /favicon-32x32.png
[2026-09-16 16:05:21] INFO: GET /api/comments/movie/hen-em-ngay-nhat-thuc
[2026-09-16 16:05:32] INFO: GET /profile?tab=account
[2026-09-16 16:05:32] INFO: GET /logo-aphim1.webp
[2026-09-16 16:05:32] INFO: GET /android-chrome-512x512.png
[2026-09-16 16:05:32] INFO: GET /api/settings/public
[2026-09-16 16:05:32] INFO: GET /api/movies/hidden/list
[2026-09-16 16:05:32] INFO: GET /api/gamification/leaderboard?timeframe=weekly&userId=2be1a5cc-d48d-4872-b366-3135128f361b
[2026-09-16 16:05:32] INFO: GET /favicon-32x32.png
[2026-09-16 16:05:34] INFO: GET /profile?tab=account
[2026-09-16 16:05:34] INFO: GET /logo-aphim1.webp
[2026-09-16 16:05:34] INFO: GET /android-chrome-512x512.png
[2026-09-16 16:05:34] INFO: GET /api/settings/public
[2026-09-16 16:05:34] INFO: GET /api/movies/hidden/list
[2026-09-16 16:05:35] INFO: GET /api/gamification/leaderboard?timeframe=weekly&userId=2be1a5cc-d48d-4872-b366-3135128f361b
[2026-09-16 16:05:35] INFO: GET /favicon-32x32.png
[2026-09-16 16:05:52] INFO: GET /profile?tab=account
[2026-09-16 16:05:52] INFO: GET /logo-aphim1.webp
[2026-09-16 16:05:52] INFO: GET /android-chrome-512x512.png
[2026-09-16 16:05:52] INFO: GET /api/settings/public
[2026-09-16 16:05:52] INFO: GET /api/movies/hidden/list
[2026-09-16 16:05:53] INFO: GET /api/gamification/leaderboard?timeframe=weekly&userId=2be1a5cc-d48d-4872-b366-3135128f361b
[2026-09-16 16:05:53] INFO: GET /favicon-32x32.png
[2026-09-16 16:06:21] INFO: GET /api/comments/movie/hen-em-ngay-nhat-thuc
[2026-09-16 16:07:21] INFO: GET /api/comments/movie/hen-em-ngay-nhat-thuc
[2026-09-16 16:08:21] INFO: GET /api/comments/movie/hen-em-ngay-nhat-thuc
[2026-09-16 16:09:21] INFO: GET /api/comments/movie/hen-em-ngay-nhat-thuc
[2026-09-16 16:10:21] INFO: GET /api/comments/movie/hen-em-ngay-nhat-thuc
[2026-09-16 16:11:21] INFO: GET /api/comments/movie/hen-em-ngay-nhat-thuc
[2026-09-16 16:12:21] INFO: GET /api/comments/movie/hen-em-ngay-nhat-thuc
[2026-09-16 16:13:21] INFO: GET /api/comments/movie/hen-em-ngay-nhat-thuc
[2026-09-16 16:14:21] INFO: GET /api/comments/movie/hen-em-ngay-nhat-thuc
[2026-09-16 16:15:21] INFO: GET /api/comments/movie/hen-em-ngay-nhat-thuc
[2026-09-16 16:16:21] INFO: GET /api/comments/movie/hen-em-ngay-nhat-thuc
[2026-09-16 16:17:21] INFO: GET /api/comments/movie/hen-em-ngay-nhat-thuc
[2026-09-16 16:18:21] INFO: GET /api/comments/movie/hen-em-ngay-nhat-thuc
[2026-09-16 16:19:21] INFO: GET /api/comments/movie/hen-em-ngay-nhat-thuc
[2026-09-16 16:19:50] INFO: GET /api/comments/stream/hen-em-ngay-nhat-thuc
[2026-09-16 16:20:15] INFO: GET /api/comments/stream/hen-em-ngay-nhat-thuc
[2026-09-16 16:20:21] INFO: GET /api/comments/movie/hen-em-ngay-nhat-thuc
[2026-09-16 16:21:17] INFO: GET /api/comments/stream/hen-em-ngay-nhat-thuc
[2026-09-16 16:21:21] INFO: GET /api/comments/movie/hen-em-ngay-nhat-thuc
[2026-09-16 16:21:31] INFO: GET /api/comments/stream/hen-em-ngay-nhat-thuc
[2026-09-16 16:22:11] INFO: GET /api/comments/stream/hen-em-ngay-nhat-thuc
[2026-09-16 16:22:21] INFO: GET /api/comments/movie/hen-em-ngay-nhat-thuc
[2026-09-16 16:22:40] INFO: GET /api/comments/stream/hen-em-ngay-nhat-thuc
[2026-09-16 16:23:21] INFO: GET /api/comments/movie/hen-em-ngay-nhat-thuc
[2026-09-16 16:24:21] INFO: GET /api/comments/movie/hen-em-ngay-nhat-thuc
[2026-09-16 16:25:03] INFO: GET /profile?tab=account
[2026-09-16 16:25:03] INFO: GET /logo-aphim1.webp
[2026-09-16 16:25:03] INFO: GET /android-chrome-512x512.png
[2026-09-16 16:25:03] INFO: GET /api/settings/public
[2026-09-16 16:25:03] INFO: GET /api/movies/hidden/list
[2026-09-16 16:25:03] INFO: GET /api/gamification/leaderboard?timeframe=weekly&userId=2be1a5cc-d48d-4872-b366-3135128f361b
[2026-09-16 16:25:04] INFO: GET /favicon-32x32.png
[2026-09-16 16:25:06] INFO: GET /profile?tab=account
[2026-09-16 16:25:06] INFO: GET /logo-aphim1.webp
[2026-09-16 16:25:06] INFO: GET /android-chrome-512x512.png
[2026-09-16 16:25:06] INFO: GET /api/settings/public
[2026-09-16 16:25:06] INFO: GET /api/movies/hidden/list
[2026-09-16 16:25:07] INFO: GET /api/gamification/leaderboard?timeframe=weekly&userId=2be1a5cc-d48d-4872-b366-3135128f361b
[2026-09-16 16:25:07] INFO: GET /favicon-32x32.png
[2026-09-16 16:25:13] INFO: GET /profile?tab=account
[2026-09-16 16:25:13] INFO: GET /logo-aphim1.webp
[2026-09-16 16:25:13] INFO: GET /android-chrome-512x512.png
[2026-09-16 16:25:13] INFO: GET /api/settings/public
[2026-09-16 16:25:13] INFO: GET /api/movies/hidden/list
[2026-09-16 16:25:13] INFO: GET /api/gamification/leaderboard?timeframe=weekly&userId=2be1a5cc-d48d-4872-b366-3135128f361b
[2026-09-16 16:25:14] INFO: GET /favicon-32x32.png
[2026-09-16 16:25:21] INFO: GET /api/comments/movie/hen-em-ngay-nhat-thuc
[2026-09-16 16:25:28] INFO: GET /api/comments/stream/hen-em-ngay-nhat-thuc
[2026-09-16 16:25:29] INFO: GET /profile?tab=account
[2026-09-16 16:25:29] INFO: GET /logo-aphim1.webp
[2026-09-16 16:25:29] INFO: GET /android-chrome-512x512.png
[2026-09-16 16:25:29] INFO: GET /api/settings/public
[2026-09-16 16:25:29] INFO: GET /api/movies/hidden/list
[2026-09-16 16:25:29] INFO: GET /api/gamification/leaderboard?timeframe=weekly&userId=2be1a5cc-d48d-4872-b366-3135128f361b
[2026-09-16 16:25:30] INFO: GET /favicon-32x32.png
[2026-09-16 16:25:31] INFO: GET /profile?tab=account
[2026-09-16 16:25:31] INFO: GET /logo-aphim1.webp
[2026-09-16 16:25:31] INFO: GET /android-chrome-512x512.png
[2026-09-16 16:25:31] INFO: GET /api/settings/public
[2026-09-16 16:25:31] INFO: GET /api/movies/hidden/list
[2026-09-16 16:25:31] INFO: GET /api/gamification/leaderboard?timeframe=weekly&userId=2be1a5cc-d48d-4872-b366-3135128f361b
[2026-09-16 16:25:31] INFO: GET /favicon-32x32.png
[2026-09-16 16:25:47] INFO: GET /admin
[2026-09-16 16:25:47] INFO: GET /admin/login
[2026-09-16 16:25:49] INFO: GET /
[2026-09-16 16:25:49] INFO: GET /logo-aphim1.webp
[2026-09-16 16:25:49] INFO: GET /api/settings/public
[2026-09-16 16:25:49] INFO: GET /api/movies/hidden/list
[2026-09-16 16:25:50] INFO: GET /api/gamification/leaderboard?timeframe=weekly&userId=
[2026-09-16 16:25:50] INFO: GET /favicon-32x32.png
[2026-09-16 16:25:52] INFO: GET /admin
[2026-09-16 16:25:52] INFO: GET /admin/login
[2026-09-16 16:25:57] INFO: GET /profile?tab=account
[2026-09-16 16:25:57] INFO: GET /logo-aphim1.webp
[2026-09-16 16:25:57] INFO: GET /android-chrome-512x512.png
[2026-09-16 16:25:57] INFO: GET /api/settings/public
[2026-09-16 16:25:57] INFO: GET /api/movies/hidden/list
[2026-09-16 16:25:57] INFO: GET /?login=true
[2026-09-16 16:25:57] INFO: GET /logo-aphim1.webp
[2026-09-16 16:25:57] INFO: GET /api/settings/public
[2026-09-16 16:25:57] INFO: GET /api/movies/hidden/list
[2026-09-16 16:25:58] INFO: GET /api/gamification/leaderboard?timeframe=weekly&userId=
[2026-09-16 16:25:58] INFO: GET /favicon-32x32.png
[2026-09-16 16:26:58] INFO: GET /admin/login
[2026-09-16 16:26:58] INFO: GET /favicon.ico
[2026-09-16 16:27:02] INFO: POST /api/admin/login
[2026-09-16 16:27:02] INFO: GET /favicon.ico
[2026-09-16 16:27:04] INFO: GET /admin
[2026-09-16 16:27:04] INFO: GET /api/admin/dashboard
[2026-09-16 16:27:05] INFO: GET /favicon.ico
[2026-09-16 16:27:05] INFO: GET /logo-aphim1.webp
[2026-09-16 16:27:07] INFO: POST /api/auth/login
[2026-09-16 16:27:08] INFO: Login successful for demo1@gmail.com
[2026-09-16 16:27:10] INFO: GET /profile?tab=account
[2026-09-16 16:27:10] INFO: GET /logo-aphim1.webp
[2026-09-16 16:27:10] INFO: GET /android-chrome-512x512.png
[2026-09-16 16:27:10] INFO: GET /api/settings/public
[2026-09-16 16:27:10] INFO: GET /api/movies/hidden/list
[2026-09-16 16:27:11] INFO: GET /api/gamification/leaderboard?timeframe=weekly&userId=2be1a5cc-d48d-4872-b366-3135128f361b
[2026-09-16 16:27:11] INFO: GET /favicon-32x32.png
[2026-09-16 16:27:15] INFO: GET /admin/users
[2026-09-16 16:27:15] INFO: GET /api/admin/dashboard
[2026-09-16 16:27:15] INFO: GET /api/admin/users?page=1&limit=20&search=&role=
[2026-09-16 16:27:15] INFO: GET /favicon.ico
[2026-09-16 16:27:16] INFO: GET /admin
[2026-09-16 16:27:16] INFO: GET /favicon.ico
[2026-09-16 16:27:17] INFO: GET /api/admin/dashboard
[2026-09-16 16:27:24] INFO: GET /admin/users
[2026-09-16 16:27:24] INFO: GET /api/admin/dashboard
[2026-09-16 16:27:24] INFO: GET /api/admin/users?page=1&limit=20&search=&role=
[2026-09-16 16:27:24] INFO: GET /favicon.ico
[2026-09-16 16:27:40] INFO: PUT /api/admin/users/2be1a5cc-d48d-4872-b366-3135128f361b/gamification
[2026-09-16 16:27:41] INFO: PUT /api/admin/users/2be1a5cc-d48d-4872-b366-3135128f361b/gamification
[2026-09-16 16:27:48] INFO: GET /api/admin/users?page=1&limit=20&search=&role=
[2026-09-16 16:27:48] INFO: GET /favicon.ico
[2026-09-16 16:27:51] INFO: GET /profile?tab=account
[2026-09-16 16:27:51] INFO: GET /logo-aphim1.webp
[2026-09-16 16:27:51] INFO: GET /android-chrome-512x512.png
[2026-09-16 16:27:51] INFO: GET /api/settings/public
[2026-09-16 16:27:51] INFO: GET /api/movies/hidden/list
[2026-09-16 16:27:51] INFO: GET /api/gamification/leaderboard?timeframe=weekly&userId=2be1a5cc-d48d-4872-b366-3135128f361b
[2026-09-16 16:27:51] INFO: GET /favicon-32x32.png
[2026-09-16 16:27:53] INFO: GET /favicon-32x32.png
[2026-09-16 16:27:54] INFO: GET /
[2026-09-16 16:27:54] INFO: GET /logo-aphim1.webp
[2026-09-16 16:27:54] INFO: GET /api/settings/public
[2026-09-16 16:27:54] INFO: GET /api/movies/hidden/list
[2026-09-16 16:27:55] INFO: GET /api/gamification/leaderboard?timeframe=weekly&userId=2be1a5cc-d48d-4872-b366-3135128f361b
[2026-09-16 16:27:55] INFO: GET /favicon-32x32.png
[2026-09-16 16:27:56] INFO: GET /profile?tab=account
[2026-09-16 16:27:56] INFO: GET /logo-aphim1.webp
[2026-09-16 16:27:56] INFO: GET /android-chrome-512x512.png
[2026-09-16 16:27:57] INFO: GET /api/settings/public
[2026-09-16 16:27:57] INFO: GET /api/movies/hidden/list
[2026-09-16 16:27:57] INFO: GET /api/gamification/leaderboard?timeframe=weekly&userId=2be1a5cc-d48d-4872-b366-3135128f361b
[2026-09-16 16:27:57] INFO: GET /favicon-32x32.png
[2026-09-16 16:27:58] INFO: GET /profile?tab=account
[2026-09-16 16:27:59] INFO: GET /logo-aphim1.webp
[2026-09-16 16:27:59] INFO: GET /android-chrome-512x512.png
[2026-09-16 16:27:59] INFO: GET /api/settings/public
[2026-09-16 16:27:59] INFO: GET /api/movies/hidden/list
[2026-09-16 16:27:59] INFO: GET /api/gamification/leaderboard?timeframe=weekly&userId=2be1a5cc-d48d-4872-b366-3135128f361b
[2026-09-16 16:27:59] INFO: GET /favicon-32x32.png
[2026-09-16 16:28:01] INFO: GET /profile?tab=account
[2026-09-16 16:28:01] INFO: GET /logo-aphim1.webp
[2026-09-16 16:28:01] INFO: GET /android-chrome-512x512.png
[2026-09-16 16:28:01] INFO: GET /api/settings/public
[2026-09-16 16:28:01] INFO: GET /api/movies/hidden/list
[2026-09-16 16:28:01] INFO: GET /api/gamification/leaderboard?timeframe=weekly&userId=2be1a5cc-d48d-4872-b366-3135128f361b
[2026-09-16 16:28:02] INFO: GET /favicon-32x32.png
[2026-09-16 16:28:03] INFO: GET /favicon-32x32.png
[2026-09-16 16:28:09] INFO: GET /favicon-32x32.png
[2026-09-16 16:29:08] INFO: GET /profile?tab=account
[2026-09-16 16:29:09] INFO: GET /logo-aphim1.webp
[2026-09-16 16:29:09] INFO: GET /android-chrome-512x512.png
[2026-09-16 16:29:09] INFO: GET /api/settings/public
[2026-09-16 16:29:09] INFO: GET /api/movies/hidden/list
[2026-09-16 16:29:09] INFO: GET /api/gamification/leaderboard?timeframe=weekly&userId=2be1a5cc-d48d-4872-b366-3135128f361b
[2026-09-16 16:29:09] INFO: GET /favicon-32x32.png
[2026-09-16 16:29:17] INFO: GET /favicon-32x32.png
[2026-09-16 16:29:17] INFO: GET /favicon-32x32.png
[2026-09-16 16:29:38] INFO: GET /favicon-32x32.png
[2026-09-16 16:41:26] INFO: GET /profile?tab=account
[2026-09-16 16:41:26] INFO: GET /logo-aphim1.webp
[2026-09-16 16:41:26] INFO: GET /android-chrome-512x512.png
[2026-09-16 16:41:27] INFO: GET /api/settings/public
[2026-09-16 16:41:27] INFO: GET /api/movies/hidden/list
[2026-09-16 16:41:27] INFO: GET /api/gamification/leaderboard?timeframe=weekly&userId=2be1a5cc-d48d-4872-b366-3135128f361b
[2026-09-16 16:41:27] INFO: GET /favicon-32x32.png
[2026-09-16 16:41:30] INFO: GET /profile?tab=account
[2026-09-16 16:41:31] INFO: GET /logo-aphim1.webp
[2026-09-16 16:41:31] INFO: GET /android-chrome-512x512.png
[2026-09-16 16:41:31] INFO: GET /api/settings/public
[2026-09-16 16:41:31] INFO: GET /api/movies/hidden/list
[2026-09-16 16:41:31] INFO: GET /api/gamification/leaderboard?timeframe=weekly&userId=2be1a5cc-d48d-4872-b366-3135128f361b
[2026-09-16 16:41:31] INFO: GET /favicon-32x32.png
[2026-09-16 16:41:39] INFO: GET /
[2026-09-16 16:41:39] INFO: GET /logo-aphim1.webp
[2026-09-16 16:41:39] INFO: GET /api/settings/public
[2026-09-16 16:41:39] INFO: GET /api/movies/hidden/list
[2026-09-16 16:41:39] INFO: GET /api/gamification/leaderboard?timeframe=weekly&userId=
[2026-09-16 16:41:39] INFO: GET /favicon-32x32.png
[2026-09-16 16:41:42] INFO: POST /api/auth/login
[2026-09-16 16:41:42] INFO: Login successful for demo1@gmail.com
[2026-09-16 16:41:44] INFO: GET /profile?tab=account
[2026-09-16 16:41:44] INFO: GET /logo-aphim1.webp
[2026-09-16 16:41:44] INFO: GET /android-chrome-512x512.png
[2026-09-16 16:41:44] INFO: GET /api/settings/public
[2026-09-16 16:41:44] INFO: GET /api/movies/hidden/list
[2026-09-16 16:41:44] INFO: GET /api/gamification/leaderboard?timeframe=weekly&userId=2be1a5cc-d48d-4872-b366-3135128f361b
[2026-09-16 16:41:44] INFO: GET /favicon-32x32.png
[2026-09-16 16:41:48] INFO: GET /api/admin/users?page=1&limit=20&search=&role=
[2026-09-16 16:41:57] INFO: PUT /api/admin/users/2be1a5cc-d48d-4872-b366-3135128f361b/gamification
[2026-09-16 16:42:02] INFO: GET /profile?tab=account
[2026-09-16 16:42:02] INFO: GET /logo-aphim1.webp
[2026-09-16 16:42:02] INFO: GET /android-chrome-512x512.png
[2026-09-16 16:42:02] INFO: GET /api/settings/public
[2026-09-16 16:42:02] INFO: GET /api/movies/hidden/list
[2026-09-16 16:42:02] INFO: GET /api/gamification/leaderboard?timeframe=weekly&userId=2be1a5cc-d48d-4872-b366-3135128f361b
[2026-09-16 16:42:02] INFO: GET /favicon-32x32.png
[2026-09-16 16:42:19] INFO: GET /favicon-32x32.png
[2026-09-16 16:42:19] INFO: GET /favicon-32x32.png
[2026-09-16 16:42:21] INFO: GET /profile?tab=shop
[2026-09-16 16:42:21] INFO: GET /logo-aphim1.webp
[2026-09-16 16:42:21] INFO: GET /android-chrome-512x512.png
[2026-09-16 16:42:21] INFO: GET /api/settings/public
[2026-09-16 16:42:21] INFO: GET /api/movies/hidden/list
[2026-09-16 16:42:21] INFO: GET /api/gamification/leaderboard?timeframe=weekly&userId=2be1a5cc-d48d-4872-b366-3135128f361b
[2026-09-16 16:42:40] INFO: GET /
[2026-09-16 16:42:40] INFO: GET /logo-aphim1.webp
[2026-09-16 16:42:40] INFO: GET /api/settings/public
[2026-09-16 16:42:40] INFO: GET /api/movies/hidden/list
[2026-09-16 16:42:41] INFO: GET /api/gamification/leaderboard?timeframe=weekly&userId=
[2026-09-16 16:42:45] INFO: GET /favicon-32x32.png
[2026-09-16 16:42:46] INFO: POST /api/auth/login
[2026-09-16 16:42:47] INFO: Login successful for demo3@gmail.com
[2026-09-16 16:42:47] INFO: GET /api/auth/me
[2026-09-16 16:42:47] INFO: GET /api/notifications
[2026-09-16 16:42:50] INFO: GET /profile?tab=account
[2026-09-16 16:42:50] INFO: GET /logo-aphim1.webp
[2026-09-16 16:42:50] INFO: GET /android-chrome-512x512.png
[2026-09-16 16:42:50] INFO: GET /api/settings/public
[2026-09-16 16:42:50] INFO: GET /api/movies/hidden/list
[2026-09-16 16:42:50] INFO: GET /api/notifications
[2026-09-16 16:42:50] INFO: GET /api/gamification/leaderboard?timeframe=weekly&userId=9bb791b0-d5e3-46fa-b326-20be9e82bfe2
[2026-09-16 16:42:50] INFO: GET /api/auth/me
[2026-09-16 16:42:50] INFO: GET /favicon-32x32.png
[2026-09-16 16:42:52] INFO: GET /api/auth/me
[2026-09-16 16:42:52] INFO: GET /api/auth/me
[2026-09-16 16:42:55] INFO: GET /admin/users
[2026-09-16 16:42:56] INFO: GET /api/admin/dashboard
[2026-09-16 16:42:56] INFO: GET /api/admin/users?page=1&limit=20&search=&role=
[2026-09-16 16:42:56] INFO: GET /favicon.ico
[2026-09-16 16:43:08] INFO: PUT /api/admin/users/9bb791b0-d5e3-46fa-b326-20be9e82bfe2/gamification
[2026-09-16 16:43:09] INFO: GET /favicon.ico
[2026-09-16 16:43:12] INFO: GET /api/admin/users?page=1&limit=20&search=&role=
[2026-09-16 16:43:13] INFO: GET /api/auth/me
[2026-09-16 16:43:13] INFO: GET /api/auth/me
[2026-09-16 16:43:23] INFO: PUT /api/admin/users/9bb791b0-d5e3-46fa-b326-20be9e82bfe2/gamification
[2026-09-16 16:43:25] INFO: GET /api/auth/me
[2026-09-16 16:43:25] INFO: GET /api/auth/me
[2026-09-16 16:43:28] INFO: GET /favicon-32x32.png
[2026-09-16 16:43:29] INFO: GET /favicon-32x32.png
[2026-09-16 16:43:30] INFO: GET /api/auth/me
[2026-09-16 16:43:33] INFO: GET /favicon-32x32.png
[2026-09-16 16:43:34] INFO: GET /favicon-32x32.png
[2026-09-16 16:43:36] INFO: GET /profile?tab=account
[2026-09-16 16:43:36] INFO: GET /logo-aphim1.webp
[2026-09-16 16:43:36] INFO: GET /android-chrome-512x512.png
[2026-09-16 16:43:36] INFO: GET /api/settings/public
[2026-09-16 16:43:36] INFO: GET /api/movies/hidden/list
[2026-09-16 16:43:36] INFO: GET /api/notifications
[2026-09-16 16:43:36] INFO: GET /api/gamification/leaderboard?timeframe=weekly&userId=9bb791b0-d5e3-46fa-b326-20be9e82bfe2
[2026-09-16 16:43:36] INFO: GET /api/auth/me
[2026-09-16 16:43:36] INFO: GET /favicon-32x32.png
[2026-09-16 16:43:41] INFO: GET /favicon-32x32.png
[2026-09-16 16:43:53] INFO: PUT /api/admin/users/9bb791b0-d5e3-46fa-b326-20be9e82bfe2/gamification
[2026-09-16 16:54:59] INFO: GET /admin/users
[2026-09-16 16:54:59] INFO: GET /api/admin/dashboard
[2026-09-16 16:54:59] INFO: GET /api/admin/users?page=1&limit=20&search=&role=
[2026-09-16 16:54:59] INFO: GET /favicon.ico
[2026-09-16 16:55:35] INFO: GET /api/auth/me
[2026-09-16 16:55:35] INFO: GET /api/auth/me
[2026-09-16 16:55:47] INFO: PUT /api/admin/users/9bb791b0-d5e3-46fa-b326-20be9e82bfe2/full-profile
[2026-09-16 16:55:48] INFO: GET /favicon.ico
[2026-09-16 16:55:50] INFO: GET /api/auth/me
[2026-09-16 16:55:50] INFO: GET /api/auth/me
[2026-09-16 16:55:51] INFO: PUT /api/auth/updatedetails
[2026-09-16 16:55:51] INFO: GET /api/auth/me
[2026-09-16 16:55:52] INFO: GET /api/auth/me
[2026-09-16 16:55:52] INFO: GET /profile?tab=achievements
[2026-09-16 16:55:52] INFO: GET /logo-aphim1.webp
[2026-09-16 16:55:52] INFO: GET /android-chrome-512x512.png
[2026-09-16 16:55:52] INFO: GET /api/settings/public
[2026-09-16 16:55:52] INFO: GET /api/movies/hidden/list
[2026-09-16 16:55:52] INFO: GET /api/notifications
[2026-09-16 16:55:52] INFO: GET /api/gamification/leaderboard?timeframe=weekly&userId=9bb791b0-d5e3-46fa-b326-20be9e82bfe2
[2026-09-16 16:55:52] INFO: GET /api/auth/me
[2026-09-16 16:55:52] INFO: GET /favicon-32x32.png
[2026-09-16 16:55:56] INFO: GET /favicon-32x32.png
[2026-09-16 16:55:58] INFO: GET /profile?tab=account
[2026-09-16 16:55:58] INFO: GET /logo-aphim1.webp
[2026-09-16 16:55:58] INFO: GET /android-chrome-512x512.png
[2026-09-16 16:55:58] INFO: GET /api/settings/public
[2026-09-16 16:55:58] INFO: GET /api/movies/hidden/list
[2026-09-16 16:55:58] INFO: GET /api/notifications
[2026-09-16 16:55:58] INFO: GET /api/gamification/leaderboard?timeframe=weekly&userId=9bb791b0-d5e3-46fa-b326-20be9e82bfe2
[2026-09-16 16:55:58] INFO: GET /api/auth/me
[2026-09-16 16:55:58] INFO: GET /favicon-32x32.png
[2026-09-16 16:56:10] INFO: PUT /api/admin/users/9bb791b0-d5e3-46fa-b326-20be9e82bfe2/full-profile
[2026-09-16 16:56:12] INFO: GET /api/auth/me
[2026-09-16 16:56:12] INFO: GET /api/auth/me
[2026-09-16 16:56:13] INFO: PUT /api/auth/updatedetails
[2026-09-16 16:56:13] INFO: GET /api/auth/me
[2026-09-16 16:56:13] INFO: GET /api/auth/me
[2026-09-16 16:56:14] INFO: GET /profile?tab=account
[2026-09-16 16:56:14] INFO: GET /logo-aphim1.webp
[2026-09-16 16:56:14] INFO: GET /android-chrome-512x512.png
[2026-09-16 16:56:14] INFO: GET /api/settings/public
[2026-09-16 16:56:14] INFO: GET /api/movies/hidden/list
[2026-09-16 16:56:14] INFO: GET /api/notifications
[2026-09-16 16:56:14] INFO: GET /api/gamification/leaderboard?timeframe=weekly&userId=9bb791b0-d5e3-46fa-b326-20be9e82bfe2
[2026-09-16 16:56:14] INFO: GET /favicon-32x32.png
[2026-09-16 16:56:14] INFO: GET /api/auth/me
[2026-09-16 17:18:19] INFO: GET /admin/users
[2026-09-16 17:18:20] INFO: GET /api/admin/dashboard
[2026-09-16 17:18:20] INFO: GET /api/admin/users?page=1&limit=20&search=&role=
[2026-09-16 17:18:20] INFO: GET /favicon.ico
[2026-09-16 17:18:21] INFO: GET /api/auth/me
[2026-09-16 17:18:21] INFO: GET /api/auth/me
[2026-09-16 17:18:22] INFO: GET /profile?tab=account
[2026-09-16 17:18:22] INFO: GET /logo-aphim1.webp
[2026-09-16 17:18:22] INFO: GET /android-chrome-512x512.png
[2026-09-16 17:18:22] INFO: GET /api/settings/public
[2026-09-16 17:18:22] INFO: GET /api/movies/hidden/list
[2026-09-16 17:18:22] INFO: GET /api/notifications
[2026-09-16 17:18:22] INFO: GET /api/gamification/leaderboard?timeframe=weekly&userId=9bb791b0-d5e3-46fa-b326-20be9e82bfe2
[2026-09-16 17:18:22] INFO: GET /api/auth/me
[2026-09-16 17:18:22] INFO: GET /favicon-32x32.png
[2026-09-16 17:18:46] INFO: GET /api/auth/me
[2026-09-16 17:18:46] INFO: GET /api/auth/me
[2026-09-16 17:19:06] INFO: GET /api/auth/me
[2026-09-16 17:19:06] INFO: GET /api/auth/me
[2026-09-16 17:19:28] INFO: PUT /api/admin/users/9bb791b0-d5e3-46fa-b326-20be9e82bfe2/full-profile
[2026-09-16 17:19:28] INFO: GET /favicon.ico
[2026-09-16 17:19:32] INFO: GET /api/admin/users?page=1&limit=20&search=&role=
[2026-09-16 17:19:37] INFO: GET /api/auth/me
[2026-09-16 17:19:37] INFO: GET /api/auth/me
[2026-09-16 17:19:38] INFO: PUT /api/auth/updatedetails
[2026-09-16 17:19:38] INFO: GET /api/auth/me
[2026-09-16 17:19:38] INFO: GET /profile?tab=account
[2026-09-16 17:19:39] INFO: GET /logo-aphim1.webp
[2026-09-16 17:19:39] INFO: GET /android-chrome-512x512.png
[2026-09-16 17:19:39] INFO: GET /api/settings/public
[2026-09-16 17:19:39] INFO: GET /api/movies/hidden/list
[2026-09-16 17:19:39] INFO: GET /api/notifications
[2026-09-16 17:19:39] INFO: GET /api/gamification/leaderboard?timeframe=weekly&userId=9bb791b0-d5e3-46fa-b326-20be9e82bfe2
[2026-09-16 17:19:39] INFO: GET /api/auth/me
[2026-09-16 17:19:39] INFO: GET /favicon-32x32.png
[2026-09-16 17:19:47] INFO: GET /api/auth/me
[2026-09-16 17:19:49] INFO: GET /favicon-32x32.png
[2026-09-16 17:19:51] INFO: GET /favicon-32x32.png
[2026-09-16 17:19:52] INFO: GET /favicon-32x32.png
[2026-09-16 17:19:52] INFO: GET /favicon-32x32.png
[2026-09-16 17:19:55] INFO: GET /api/auth/me
[2026-09-16 17:20:06] INFO: PUT /api/admin/users/9bb791b0-d5e3-46fa-b326-20be9e82bfe2/full-profile
[2026-09-16 17:20:08] INFO: GET /api/auth/me
[2026-09-16 17:20:08] INFO: GET /api/auth/me
[2026-09-16 17:20:09] INFO: PUT /api/auth/updatedetails
[2026-09-16 17:20:09] INFO: GET /api/auth/me
[2026-09-16 17:20:09] INFO: GET /api/auth/me
[2026-09-16 17:20:12] INFO: GET /favicon-32x32.png
[2026-09-16 17:20:24] INFO: PUT /api/admin/users/9bb791b0-d5e3-46fa-b326-20be9e82bfe2/full-profile
[2026-09-16 17:21:44] INFO: GET /admin/users
[2026-09-16 17:21:45] INFO: GET /api/admin/dashboard
[2026-09-16 17:21:45] INFO: GET /api/admin/users?page=1&limit=20&search=&role=
[2026-09-16 17:21:45] INFO: GET /favicon.ico
[2026-09-16 17:22:45] INFO: GET /api/admin/users?page=1&limit=20&search=&role=
[2026-09-16 17:22:47] INFO: GET /api/admin/users?page=1&limit=20&search=&role=
[2026-09-16 17:22:50] INFO: GET /api/admin/users?page=1&limit=20&search=&role=admin
[2026-09-16 17:22:54] INFO: GET /api/admin/users?page=1&limit=20&search=&role=mod
[2026-09-16 17:22:56] INFO: GET /api/admin/users?page=1&limit=20&search=&role=vip
[2026-09-16 17:22:58] INFO: GET /api/admin/users?page=1&limit=20&search=&role=member
[2026-09-16 17:23:00] INFO: GET /api/admin/users?page=1&limit=20&search=&role=admin
[2026-09-16 17:45:35] INFO: GET /admin/users
[2026-09-16 17:45:35] INFO: GET /api/admin/dashboard
[2026-09-16 17:45:35] INFO: GET /api/admin/users?page=1&limit=20&search=&role=
[2026-09-16 17:45:35] INFO: GET /favicon.ico
[2026-09-16 17:45:36] INFO: GET /admin/login
[2026-09-16 17:45:36] INFO: GET /api/admin/dashboard
[2026-09-16 17:45:36] INFO: GET /favicon.ico
[2026-09-16 17:45:36] INFO: GET /admin/login
[2026-09-16 17:45:36] INFO: GET /api/admin/dashboard
[2026-09-16 17:45:36] INFO: GET /favicon.ico
[2026-09-16 17:45:37] INFO: GET /admin/login
[2026-09-16 17:45:37] INFO: GET /api/admin/dashboard
[2026-09-16 17:45:37] INFO: GET /favicon.ico
[2026-09-16 17:45:37] INFO: GET /admin/login
[2026-09-16 17:45:37] INFO: GET /api/admin/dashboard
[2026-09-16 17:45:37] INFO: GET /favicon.ico
[2026-09-16 17:45:37] INFO: GET /admin/login
[2026-09-16 17:45:37] INFO: GET /api/admin/dashboard
[2026-09-16 17:45:37] INFO: GET /favicon.ico
[2026-09-16 17:45:37] INFO: GET /admin/login
[2026-09-16 17:45:37] INFO: GET /api/admin/dashboard
[2026-09-16 17:45:37] INFO: GET /favicon.ico
[2026-09-16 17:45:38] INFO: GET /admin/login
[2026-09-16 17:45:38] INFO: GET /api/admin/dashboard
[2026-09-16 17:45:38] INFO: GET /favicon.ico
[2026-09-16 17:45:38] INFO: GET /admin/login
[2026-09-16 17:45:38] INFO: GET /api/admin/dashboard
[2026-09-16 17:45:38] INFO: GET /favicon.ico
[2026-09-16 17:45:38] INFO: GET /admin/login
[2026-09-16 17:45:38] INFO: GET /api/admin/dashboard
[2026-09-16 17:45:38] INFO: GET /favicon.ico
[2026-09-16 17:45:38] INFO: GET /admin/login
[2026-09-16 17:45:38] INFO: GET /api/admin/dashboard
[2026-09-16 17:45:38] INFO: GET /favicon.ico
[2026-09-16 17:45:38] INFO: GET /admin/login
[2026-09-16 17:45:38] INFO: GET /api/admin/dashboard
[2026-09-16 17:45:38] INFO: GET /favicon.ico
[2026-09-16 17:45:39] INFO: GET /admin/login
[2026-09-16 17:45:39] INFO: GET /api/admin/dashboard
[2026-09-16 17:45:39] INFO: GET /favicon.ico
[2026-09-16 17:45:39] INFO: GET /admin/login
[2026-09-16 17:45:39] INFO: GET /api/admin/dashboard
[2026-09-16 17:45:39] INFO: GET /favicon.ico
[2026-09-16 17:45:39] INFO: GET /admin/login
[2026-09-16 17:45:39] INFO: GET /api/admin/dashboard
[2026-09-16 17:45:39] INFO: GET /favicon.ico
[2026-09-16 17:45:39] INFO: GET /admin/login
[2026-09-16 17:45:39] INFO: GET /api/admin/dashboard
[2026-09-16 17:45:39] INFO: GET /favicon.ico
[2026-09-16 17:45:39] INFO: GET /admin/login
[2026-09-16 17:45:39] INFO: GET /api/admin/dashboard
[2026-09-16 17:45:39] INFO: GET /favicon.ico
[2026-09-16 17:45:40] INFO: GET /admin/login
[2026-09-16 17:45:40] INFO: GET /api/admin/dashboard
[2026-09-16 17:45:40] INFO: GET /favicon.ico
[2026-09-16 17:45:40] INFO: GET /admin/login
[2026-09-16 17:45:40] INFO: GET /api/admin/dashboard
[2026-09-16 17:45:40] INFO: GET /favicon.ico
[2026-09-16 17:45:40] INFO: GET /admin/login
[2026-09-16 17:45:40] INFO: GET /api/admin/dashboard
[2026-09-16 17:45:40] INFO: GET /favicon.ico
[2026-09-16 17:45:40] INFO: GET /admin/login
[2026-09-16 17:45:40] INFO: GET /api/admin/dashboard
[2026-09-16 17:45:40] INFO: GET /favicon.ico
[2026-09-16 17:45:40] INFO: GET /admin/login
[2026-09-16 17:45:40] INFO: GET /api/admin/dashboard
[2026-09-16 17:45:41] INFO: GET /favicon.ico
[2026-09-16 17:45:41] INFO: GET /admin/login
[2026-09-16 17:45:41] INFO: GET /api/admin/dashboard
[2026-09-16 17:45:41] INFO: GET /favicon.ico
[2026-09-16 17:45:41] INFO: GET /admin/login
[2026-09-16 17:45:41] INFO: GET /api/admin/dashboard
[2026-09-16 17:45:41] INFO: GET /favicon.ico
[2026-09-16 17:45:41] INFO: GET /admin/login
[2026-09-16 17:45:41] INFO: GET /api/admin/dashboard
[2026-09-16 17:45:41] INFO: GET /favicon.ico
[2026-09-16 17:45:41] INFO: GET /admin/login
[2026-09-16 17:45:41] INFO: GET /api/admin/dashboard
[2026-09-16 17:45:41] INFO: GET /favicon.ico
[2026-09-16 17:45:42] INFO: GET /admin/login
[2026-09-16 17:45:42] INFO: GET /api/admin/dashboard
[2026-09-16 17:45:42] INFO: GET /favicon.ico
[2026-09-16 17:45:42] INFO: GET /admin/login
[2026-09-16 17:45:42] INFO: GET /api/admin/dashboard
[2026-09-16 17:45:42] INFO: GET /favicon.ico
[2026-09-16 17:45:42] INFO: GET /admin/login
[2026-09-16 17:45:42] INFO: GET /api/admin/dashboard
[2026-09-16 17:45:42] INFO: GET /favicon.ico
[2026-09-16 17:45:42] INFO: GET /admin/login
[2026-09-16 17:45:42] INFO: GET /api/admin/dashboard
[2026-09-16 17:45:42] INFO: GET /favicon.ico
[2026-09-16 17:45:42] INFO: GET /admin/login
[2026-09-16 17:45:43] INFO: GET /api/admin/dashboard
[2026-09-16 17:45:43] INFO: GET /favicon.ico
[2026-09-16 17:45:43] INFO: GET /admin/login
[2026-09-16 17:45:43] INFO: GET /api/admin/dashboard
[2026-09-16 17:45:43] INFO: GET /favicon.ico
[2026-09-16 17:45:43] INFO: GET /admin/login
[2026-09-16 17:45:43] INFO: GET /api/admin/dashboard
[2026-09-16 17:45:43] INFO: GET /favicon.ico
[2026-09-16 17:45:43] INFO: GET /admin/login
[2026-09-16 17:45:43] INFO: GET /api/admin/dashboard
[2026-09-16 17:45:43] INFO: GET /favicon.ico
[2026-09-16 17:45:43] INFO: GET /admin/login
[2026-09-16 17:45:43] INFO: GET /api/admin/dashboard
[2026-09-16 17:45:43] INFO: GET /favicon.ico
[2026-09-16 17:45:43] INFO: GET /admin/login
[2026-09-16 17:45:43] INFO: GET /api/admin/dashboard
[2026-09-16 17:45:43] INFO: GET /favicon.ico
[2026-09-16 17:45:44] INFO: GET /admin/login
[2026-09-16 17:45:44] INFO: GET /api/admin/dashboard
[2026-09-16 17:45:44] INFO: GET /favicon.ico
[2026-09-16 17:45:44] INFO: GET /admin/login
[2026-09-16 17:45:44] INFO: GET /api/admin/dashboard
[2026-09-16 17:45:44] INFO: GET /favicon.ico
[2026-09-16 17:45:44] INFO: GET /admin/login
[2026-09-16 17:45:44] INFO: GET /api/admin/dashboard
[2026-09-16 17:45:44] INFO: GET /favicon.ico
[2026-09-16 17:45:44] INFO: GET /admin/login
[2026-09-16 17:45:44] INFO: GET /api/admin/dashboard
[2026-09-16 17:45:44] INFO: GET /favicon.ico
[2026-09-16 17:45:44] INFO: GET /admin/login
[2026-09-16 17:45:44] INFO: GET /api/admin/dashboard
[2026-09-16 17:45:44] INFO: GET /favicon.ico
[2026-09-16 17:45:44] INFO: GET /admin/login
[2026-09-16 17:45:44] INFO: GET /api/admin/dashboard
[2026-09-16 17:45:44] INFO: GET /favicon.ico
[2026-09-16 17:45:45] INFO: GET /admin/login
[2026-09-16 17:45:45] INFO: GET /api/admin/dashboard
[2026-09-16 17:45:45] INFO: GET /favicon.ico
[2026-09-16 17:45:45] INFO: GET /admin/login
[2026-09-16 17:45:45] INFO: GET /api/admin/dashboard
[2026-09-16 17:45:45] INFO: GET /favicon.ico
[2026-09-16 17:45:45] INFO: GET /admin/login
[2026-09-16 17:45:45] INFO: GET /api/admin/dashboard
[2026-09-16 17:45:45] INFO: GET /favicon.ico
[2026-09-16 17:45:45] INFO: GET /admin/login
[2026-09-16 17:45:45] INFO: GET /api/admin/dashboard
[2026-09-16 17:45:45] INFO: GET /favicon.ico
[2026-09-16 17:45:45] INFO: GET /admin/login
[2026-09-16 17:45:45] INFO: GET /api/admin/dashboard
[2026-09-16 17:45:45] INFO: GET /favicon.ico
[2026-09-16 17:45:45] INFO: GET /admin/login
[2026-09-16 17:45:46] INFO: GET /api/admin/dashboard
[2026-09-16 17:45:46] INFO: GET /admin/login
[2026-09-16 17:45:46] INFO: GET /api/admin/dashboard
[2026-09-16 17:45:46] INFO: GET /favicon.ico
[2026-09-16 17:45:46] INFO: GET /admin/login
[2026-09-16 17:45:46] INFO: GET /api/admin/dashboard
[2026-09-16 17:45:46] INFO: GET /favicon.ico
[2026-09-16 17:45:46] INFO: GET /admin/login
[2026-09-16 17:45:46] INFO: GET /api/admin/dashboard
[2026-09-16 17:45:46] INFO: GET /favicon.ico
[2026-09-16 17:45:46] INFO: GET /admin/login
[2026-09-16 17:45:46] INFO: GET /api/admin/dashboard
[2026-09-16 17:45:46] INFO: GET /favicon.ico
[2026-09-16 17:45:47] INFO: GET /admin/login
[2026-09-16 17:45:47] INFO: GET /api/admin/dashboard
[2026-09-16 17:45:47] INFO: GET /favicon.ico
[2026-09-16 17:45:47] INFO: GET /admin/login
[2026-09-16 17:45:47] INFO: GET /api/admin/dashboard
[2026-09-16 17:45:47] INFO: GET /favicon.ico
[2026-09-16 17:45:47] INFO: GET /admin/login
[2026-09-16 17:45:47] INFO: GET /api/admin/dashboard
[2026-09-16 17:45:47] INFO: GET /favicon.ico
[2026-09-16 17:45:47] INFO: GET /admin/login
[2026-09-16 17:45:47] INFO: GET /api/admin/dashboard
[2026-09-16 17:45:47] INFO: GET /favicon.ico
[2026-09-16 17:45:47] INFO: GET /admin/login
[2026-09-16 17:45:47] INFO: GET /api/admin/dashboard
[2026-09-16 17:45:47] INFO: GET /favicon.ico
[2026-09-16 17:45:47] INFO: GET /admin/login
[2026-09-16 17:45:48] INFO: GET /api/admin/dashboard
[2026-09-16 17:45:48] INFO: GET /favicon.ico
[2026-09-16 17:45:48] INFO: GET /admin/login
[2026-09-16 17:45:48] INFO: GET /api/admin/dashboard
[2026-09-16 17:45:48] INFO: GET /favicon.ico
[2026-09-16 17:45:48] INFO: GET /admin/login
[2026-09-16 17:45:48] INFO: GET /api/admin/dashboard
[2026-09-16 17:45:48] INFO: GET /favicon.ico
[2026-09-16 17:45:48] INFO: GET /admin/login
[2026-09-16 17:45:48] INFO: GET /api/admin/dashboard
[2026-09-16 17:45:48] INFO: GET /favicon.ico
[2026-09-16 17:45:48] INFO: GET /admin/login
[2026-09-16 17:45:48] INFO: GET /api/admin/dashboard
[2026-09-16 17:45:48] INFO: GET /favicon.ico
[2026-09-16 17:45:49] INFO: GET /admin/login
[2026-09-16 17:45:49] INFO: GET /api/admin/dashboard
[2026-09-16 17:45:49] INFO: GET /favicon.ico
[2026-09-16 17:45:49] INFO: GET /admin/login
[2026-09-16 17:45:49] INFO: GET /api/admin/dashboard
[2026-09-16 17:45:49] INFO: GET /favicon.ico
[2026-09-16 17:45:49] INFO: GET /.well-known/appspecific/com.chrome.devtools.json
[2026-09-16 17:45:49] INFO: GET /admin/login
[2026-09-16 17:45:50] INFO: GET /.well-known/appspecific/com.chrome.devtools.json
[2026-09-16 17:45:50] INFO: GET /api/admin/dashboard
[2026-09-16 17:45:50] INFO: GET /admin/login
[2026-09-16 17:45:50] INFO: GET /favicon.ico
[2026-09-16 17:45:50] INFO: GET /.well-known/appspecific/com.chrome.devtools.json
[2026-09-16 17:45:51] INFO: GET /api/admin/dashboard
[2026-09-16 17:45:51] INFO: GET /favicon.ico
[2026-09-16 17:45:51] INFO: GET /admin/login
[2026-09-16 17:45:51] INFO: GET /.well-known/appspecific/com.chrome.devtools.json
[2026-09-16 17:45:51] INFO: GET /api/admin/dashboard
[2026-09-16 17:45:51] INFO: GET /favicon.ico
[2026-09-16 17:45:51] INFO: GET /admin/login
[2026-09-16 17:45:51] INFO: GET /api/admin/dashboard
[2026-09-16 17:45:51] INFO: GET /favicon.ico
[2026-09-16 17:45:52] INFO: GET /admin/login
[2026-09-16 17:45:52] INFO: GET /api/admin/dashboard
[2026-09-16 17:45:52] INFO: GET /favicon.ico
[2026-09-16 17:45:52] INFO: GET /admin/login
[2026-09-16 17:45:52] INFO: GET /api/admin/dashboard
[2026-09-16 17:45:52] INFO: GET /favicon.ico
[2026-09-16 17:45:52] INFO: GET /admin/login
[2026-09-16 17:45:52] INFO: GET /api/admin/dashboard
[2026-09-16 17:45:52] INFO: GET /favicon.ico
[2026-09-16 17:45:52] INFO: GET /admin/login
[2026-09-16 17:45:52] INFO: GET /api/admin/dashboard
[2026-09-16 17:45:52] INFO: GET /favicon.ico
[2026-09-16 17:45:52] INFO: GET /admin/login
[2026-09-16 17:45:52] INFO: GET /api/admin/dashboard
[2026-09-16 17:45:52] INFO: GET /favicon.ico
[2026-09-16 17:45:53] INFO: GET /admin/login
[2026-09-16 17:45:53] INFO: GET /api/admin/dashboard
[2026-09-16 17:45:53] INFO: GET /favicon.ico
[2026-09-16 17:45:53] INFO: GET /admin/login
[2026-09-16 17:45:53] INFO: GET /api/admin/dashboard
[2026-09-16 17:45:53] INFO: GET /favicon.ico
[2026-09-16 17:45:53] INFO: GET /admin/login
[2026-09-16 17:45:53] INFO: GET /api/admin/dashboard
[2026-09-16 17:45:53] INFO: GET /favicon.ico
[2026-09-16 17:45:53] INFO: GET /admin/login
[2026-09-16 17:45:53] INFO: GET /api/admin/dashboard
[2026-09-16 17:45:53] INFO: GET /favicon.ico
[2026-09-16 17:45:53] INFO: GET /admin/login
[2026-09-16 17:45:53] INFO: GET /api/admin/dashboard
[2026-09-16 17:45:53] INFO: GET /favicon.ico
[2026-09-16 17:45:53] INFO: GET /admin/login
[2026-09-16 17:45:54] INFO: GET /api/admin/dashboard
[2026-09-16 17:45:54] INFO: GET /favicon.ico
[2026-09-16 17:45:54] INFO: GET /admin/login
[2026-09-16 17:45:54] INFO: GET /api/admin/dashboard
[2026-09-16 17:45:54] INFO: GET /favicon.ico
[2026-09-16 17:45:54] INFO: GET /admin/login
[2026-09-16 17:45:54] INFO: GET /api/admin/dashboard
[2026-09-16 17:45:54] INFO: GET /favicon.ico
[2026-09-16 17:45:54] INFO: GET /admin/login
[2026-09-16 17:45:54] INFO: GET /api/admin/dashboard
[2026-09-16 17:45:54] INFO: GET /favicon.ico
[2026-09-16 17:45:54] INFO: GET /admin/login
[2026-09-16 17:45:54] INFO: GET /api/admin/dashboard
[2026-09-16 17:45:54] INFO: GET /favicon.ico
[2026-09-16 17:45:55] INFO: GET /admin/login
[2026-09-16 17:45:55] INFO: GET /api/admin/dashboard
[2026-09-16 17:45:55] INFO: GET /favicon.ico
[2026-09-16 17:45:55] INFO: GET /admin/login
[2026-09-16 17:45:55] INFO: GET /api/admin/dashboard
[2026-09-16 17:45:55] INFO: GET /favicon.ico
[2026-09-16 17:45:55] INFO: GET /admin/login
[2026-09-16 17:45:55] INFO: GET /api/admin/dashboard
[2026-09-16 17:45:55] INFO: GET /favicon.ico
[2026-09-16 17:45:55] INFO: GET /admin/login
[2026-09-16 17:45:55] INFO: GET /api/admin/dashboard
[2026-09-16 17:45:55] INFO: GET /favicon.ico
[2026-09-16 17:45:55] INFO: GET /admin/login
[2026-09-16 17:45:56] INFO: GET /api/admin/dashboard
[2026-09-16 17:45:56] INFO: GET /favicon.ico
[2026-09-16 17:45:56] INFO: GET /admin/login
[2026-09-16 17:45:56] INFO: GET /api/admin/dashboard
[2026-09-16 17:45:56] INFO: GET /favicon.ico
[2026-09-16 17:45:56] INFO: GET /admin/login
[2026-09-16 17:45:56] INFO: GET /api/admin/dashboard
[2026-09-16 17:45:56] INFO: GET /favicon.ico
[2026-09-16 17:45:57] INFO: GET /admin/login
[2026-09-16 17:45:57] INFO: GET /api/admin/dashboard
[2026-09-16 17:45:57] INFO: GET /favicon.ico
[2026-09-16 17:45:57] INFO: GET /admin/login
[2026-09-16 17:45:57] INFO: GET /api/admin/dashboard
[2026-09-16 17:45:57] INFO: GET /favicon.ico
[2026-09-16 17:45:57] INFO: GET /admin/login
[2026-09-16 17:45:57] INFO: GET /api/admin/dashboard
[2026-09-16 17:45:57] INFO: GET /favicon.ico
[2026-09-16 17:45:57] INFO: GET /admin/login
[2026-09-16 17:45:57] INFO: GET /api/admin/dashboard
[2026-09-16 17:45:57] INFO: GET /favicon.ico
[2026-09-16 17:45:57] INFO: GET /admin/login
[2026-09-16 17:45:57] INFO: GET /api/admin/dashboard
[2026-09-16 17:45:57] INFO: GET /favicon.ico
[2026-09-16 17:45:58] INFO: GET /admin/login
[2026-09-16 17:45:58] INFO: GET /api/admin/dashboard
[2026-09-16 17:45:58] INFO: GET /favicon.ico
[2026-09-16 17:45:58] INFO: GET /admin/login
[2026-09-16 17:45:58] INFO: GET /api/admin/dashboard
[2026-09-16 17:45:58] INFO: GET /favicon.ico
[2026-09-16 17:45:58] INFO: GET /admin/login
[2026-09-16 17:45:58] INFO: GET /api/admin/dashboard
[2026-09-16 17:45:58] INFO: GET /favicon.ico
[2026-09-16 17:45:58] INFO: GET /admin/login
[2026-09-16 17:45:58] INFO: GET /api/admin/dashboard
[2026-09-16 17:45:58] INFO: GET /favicon.ico
[2026-09-16 17:45:58] INFO: GET /admin/login
[2026-09-16 17:45:58] INFO: GET /api/admin/dashboard
[2026-09-16 17:45:59] INFO: GET /favicon.ico
[2026-09-16 17:45:59] INFO: GET /admin/login
[2026-09-16 17:45:59] INFO: GET /api/admin/dashboard
[2026-09-16 17:45:59] INFO: GET /favicon.ico
[2026-09-16 17:45:59] INFO: GET /admin/login
[2026-09-16 17:45:59] INFO: GET /api/admin/dashboard
[2026-09-16 17:45:59] INFO: GET /favicon.ico
[2026-09-16 17:45:59] INFO: GET /admin/login
[2026-09-16 17:45:59] INFO: GET /api/admin/dashboard
[2026-09-16 17:45:59] INFO: GET /favicon.ico
[2026-09-16 17:45:59] INFO: GET /admin/login
[2026-09-16 17:46:00] INFO: GET /api/admin/dashboard
[2026-09-16 17:46:00] INFO: GET /favicon.ico
[2026-09-16 17:46:00] INFO: GET /admin/login
[2026-09-16 17:46:00] INFO: GET /api/admin/dashboard
[2026-09-16 17:46:00] INFO: GET /favicon.ico
[2026-09-16 17:46:00] INFO: GET /admin/login
[2026-09-16 17:46:00] INFO: GET /api/admin/dashboard
[2026-09-16 17:46:00] INFO: GET /favicon.ico
[2026-09-16 17:46:00] INFO: GET /admin/login
[2026-09-16 17:46:00] INFO: GET /api/admin/dashboard
[2026-09-16 17:46:00] INFO: GET /favicon.ico
[2026-09-16 17:46:00] INFO: GET /admin/login
[2026-09-16 17:46:00] INFO: GET /api/admin/dashboard
[2026-09-16 17:46:00] INFO: GET /favicon.ico
[2026-09-16 17:46:01] INFO: GET /admin/login
[2026-09-16 17:46:01] INFO: GET /api/admin/dashboard
[2026-09-16 17:46:01] INFO: GET /favicon.ico
[2026-09-16 17:46:01] INFO: GET /admin/login
[2026-09-16 17:46:01] INFO: GET /api/admin/dashboard
[2026-09-16 17:46:01] INFO: GET /favicon.ico
[2026-09-16 17:46:01] INFO: GET /admin/login
[2026-09-16 17:46:01] INFO: GET /api/admin/dashboard
[2026-09-16 17:46:01] INFO: GET /favicon.ico
[2026-09-16 17:46:01] INFO: GET /admin/login
[2026-09-16 17:46:01] INFO: GET /api/admin/dashboard
[2026-09-16 17:46:01] INFO: GET /favicon.ico
[2026-09-16 17:46:01] INFO: GET /admin/login
[2026-09-16 17:46:02] INFO: GET /api/admin/dashboard
[2026-09-16 17:46:02] INFO: GET /favicon.ico
[2026-09-16 17:46:02] INFO: GET /admin/login
[2026-09-16 17:46:02] INFO: GET /api/admin/dashboard
[2026-09-16 17:46:02] INFO: GET /favicon.ico
[2026-09-16 17:46:02] INFO: GET /admin/login
[2026-09-16 17:46:02] INFO: GET /api/admin/dashboard
[2026-09-16 17:46:02] INFO: GET /favicon.ico
[2026-09-16 17:46:02] INFO: GET /admin/login
[2026-09-16 17:46:02] INFO: GET /api/admin/dashboard
[2026-09-16 17:46:02] INFO: GET /favicon.ico
[2026-09-16 17:46:02] INFO: GET /admin/login
[2026-09-16 17:46:02] INFO: GET /api/admin/dashboard
[2026-09-16 17:46:02] INFO: GET /favicon.ico
[2026-09-16 17:46:03] INFO: GET /admin/login
[2026-09-16 17:46:03] INFO: GET /api/admin/dashboard
[2026-09-16 17:46:03] INFO: GET /favicon.ico
[2026-09-16 17:46:03] INFO: GET /admin/login
[2026-09-16 17:46:03] INFO: GET /api/admin/dashboard
[2026-09-16 17:46:03] INFO: GET /favicon.ico
[2026-09-16 17:46:03] INFO: GET /admin/login
[2026-09-16 17:46:03] INFO: GET /api/admin/dashboard
[2026-09-16 17:46:03] INFO: GET /favicon.ico
[2026-09-16 17:46:04] INFO: GET /admin/login
[2026-09-16 17:46:04] INFO: GET /api/admin/dashboard
[2026-09-16 17:46:04] INFO: GET /favicon.ico
[2026-09-16 17:46:04] INFO: GET /admin/login
[2026-09-16 17:46:04] INFO: GET /api/admin/dashboard
[2026-09-16 17:46:04] INFO: GET /favicon.ico
[2026-09-16 17:46:04] INFO: GET /admin/login
[2026-09-16 17:46:04] INFO: GET /api/admin/dashboard
[2026-09-16 17:46:04] INFO: GET /favicon.ico
[2026-09-16 17:46:04] INFO: GET /admin/login
[2026-09-16 17:46:04] INFO: GET /api/admin/dashboard
[2026-09-16 17:46:04] INFO: GET /favicon.ico
[2026-09-16 17:46:05] INFO: GET /admin/login
[2026-09-16 17:46:05] INFO: GET /api/admin/dashboard
[2026-09-16 17:46:05] INFO: GET /favicon.ico
[2026-09-16 17:46:05] INFO: GET /admin/login
[2026-09-16 17:46:05] INFO: GET /api/admin/dashboard
[2026-09-16 17:46:05] INFO: GET /favicon.ico
[2026-09-16 17:46:05] INFO: GET /admin/login
[2026-09-16 17:46:05] INFO: GET /api/admin/dashboard
[2026-09-16 17:46:05] INFO: GET /favicon.ico
[2026-09-16 17:46:05] INFO: GET /admin/login
[2026-09-16 17:46:05] INFO: GET /api/admin/dashboard
[2026-09-16 17:46:05] INFO: GET /favicon.ico
[2026-09-16 17:46:06] INFO: GET /admin/login
[2026-09-16 17:46:06] INFO: GET /api/admin/dashboard
[2026-09-16 17:46:06] INFO: GET /favicon.ico
[2026-09-16 17:46:06] INFO: GET /admin/login
[2026-09-16 17:46:06] INFO: GET /api/admin/dashboard
[2026-09-16 17:46:06] INFO: GET /favicon.ico
[2026-09-16 17:46:06] INFO: GET /admin/login
[2026-09-16 17:46:06] INFO: GET /api/admin/dashboard
[2026-09-16 17:46:06] INFO: GET /favicon.ico
[2026-09-16 17:46:06] INFO: GET /admin/login
[2026-09-16 17:46:07] INFO: GET /api/admin/dashboard
[2026-09-16 17:46:07] INFO: GET /favicon.ico
[2026-09-16 17:46:07] INFO: GET /admin/login
[2026-09-16 17:46:07] INFO: GET /api/admin/dashboard
[2026-09-16 17:46:07] INFO: GET /favicon.ico
[2026-09-16 17:46:07] INFO: GET /admin/login
[2026-09-16 17:46:07] INFO: GET /api/admin/dashboard
[2026-09-16 17:46:07] INFO: GET /favicon.ico
[2026-09-16 17:46:08] INFO: GET /admin/login
[2026-09-16 17:46:08] INFO: GET /api/admin/dashboard
[2026-09-16 17:46:08] INFO: GET /favicon.ico
[2026-09-16 17:46:08] INFO: GET /admin/login
[2026-09-16 17:46:08] INFO: GET /api/admin/dashboard
[2026-09-16 17:46:08] INFO: GET /favicon.ico
[2026-09-16 17:46:08] INFO: GET /admin/login
[2026-09-16 17:46:08] INFO: GET /api/admin/dashboard
[2026-09-16 17:46:08] INFO: GET /favicon.ico
[2026-09-16 17:46:08] INFO: GET /admin/login
[2026-09-16 17:46:08] INFO: GET /api/admin/dashboard
[2026-09-16 17:46:08] INFO: GET /favicon.ico
[2026-09-16 17:46:09] INFO: GET /admin/login
[2026-09-16 17:46:09] INFO: GET /api/admin/dashboard
[2026-09-16 17:46:09] INFO: GET /favicon.ico
[2026-09-16 17:46:09] INFO: GET /admin/login
[2026-09-16 17:46:09] INFO: GET /api/admin/dashboard
[2026-09-16 17:46:09] INFO: GET /favicon.ico
[2026-09-16 17:46:09] INFO: GET /admin/login
[2026-09-16 17:46:09] INFO: GET /api/admin/dashboard
[2026-09-16 17:46:09] INFO: GET /favicon.ico
[2026-09-16 17:46:09] INFO: GET /admin/login
[2026-09-16 17:46:09] INFO: GET /api/admin/dashboard
[2026-09-16 17:46:09] INFO: GET /favicon.ico
[2026-09-16 17:46:09] INFO: GET /admin/login
[2026-09-16 17:46:10] INFO: GET /api/admin/dashboard
[2026-09-16 17:46:10] INFO: GET /favicon.ico
[2026-09-16 17:46:10] INFO: GET /admin/login
[2026-09-16 17:46:10] INFO: GET /api/admin/dashboard
[2026-09-16 17:46:10] INFO: GET /favicon.ico
[2026-09-16 17:46:10] INFO: GET /admin/login
[2026-09-16 17:46:10] INFO: GET /api/admin/dashboard
[2026-09-16 17:46:10] INFO: GET /favicon.ico
[2026-09-16 17:46:10] INFO: GET /admin/login
[2026-09-16 17:46:10] INFO: GET /api/admin/dashboard
[2026-09-16 17:46:10] INFO: GET /favicon.ico
[2026-09-16 17:46:10] INFO: GET /admin/login
[2026-09-16 17:46:10] INFO: GET /api/admin/dashboard
[2026-09-16 17:46:10] INFO: GET /favicon.ico
[2026-09-16 17:46:11] INFO: GET /admin/login
[2026-09-16 17:46:11] INFO: GET /api/admin/dashboard
[2026-09-16 17:46:11] INFO: GET /favicon.ico
[2026-09-16 17:46:11] INFO: GET /admin/login
[2026-09-16 17:46:11] INFO: GET /api/admin/dashboard
[2026-09-16 17:46:11] INFO: GET /favicon.ico
[2026-09-16 17:46:11] INFO: GET /admin/login
[2026-09-16 17:46:11] INFO: GET /api/admin/dashboard
[2026-09-16 17:46:11] INFO: GET /favicon.ico
[2026-09-16 17:46:11] INFO: GET /admin/login
[2026-09-16 17:46:11] INFO: GET /api/admin/dashboard
[2026-09-16 17:46:11] INFO: GET /favicon.ico
[2026-09-16 17:46:12] INFO: GET /admin/login
[2026-09-16 17:46:12] INFO: GET /api/admin/dashboard
[2026-09-16 17:46:12] INFO: GET /favicon.ico
[2026-09-16 17:46:12] INFO: GET /admin/login
[2026-09-16 17:46:12] INFO: GET /api/admin/dashboard
[2026-09-16 17:46:12] INFO: GET /favicon.ico
[2026-09-16 17:46:12] INFO: GET /admin/login
[2026-09-16 17:46:12] INFO: GET /api/admin/dashboard
[2026-09-16 17:46:12] INFO: GET /favicon.ico
[2026-09-16 17:46:12] INFO: GET /admin/login
[2026-09-16 17:46:12] INFO: GET /api/admin/dashboard
[2026-09-16 17:46:12] INFO: GET /favicon.ico
[2026-09-16 17:46:12] INFO: GET /admin/login
[2026-09-16 17:46:13] INFO: GET /api/admin/dashboard
[2026-09-16 17:46:13] INFO: GET /favicon.ico
[2026-09-16 17:46:13] INFO: GET /admin/login
[2026-09-16 17:46:13] INFO: GET /api/admin/dashboard
[2026-09-16 17:46:13] INFO: GET /favicon.ico
[2026-09-16 17:46:13] INFO: GET /admin/login
[2026-09-16 17:46:13] INFO: GET /api/admin/dashboard
[2026-09-16 17:46:13] INFO: GET /favicon.ico
[2026-09-16 17:46:13] INFO: GET /admin/login
[2026-09-16 17:46:13] INFO: GET /api/admin/dashboard
[2026-09-16 17:46:13] INFO: GET /favicon.ico
[2026-09-16 17:46:13] INFO: GET /admin/login
[2026-09-16 17:46:13] INFO: GET /api/admin/dashboard
[2026-09-16 17:46:14] INFO: GET /favicon.ico
[2026-09-16 17:46:14] INFO: GET /admin/login
[2026-09-16 17:46:14] INFO: GET /api/admin/dashboard
[2026-09-16 17:46:14] INFO: GET /favicon.ico
[2026-09-16 17:46:14] INFO: GET /admin/login
[2026-09-16 17:46:14] INFO: GET /api/admin/dashboard
[2026-09-16 17:46:14] INFO: GET /favicon.ico
[2026-09-16 17:46:14] INFO: GET /admin/login
[2026-09-16 17:46:14] INFO: GET /api/admin/dashboard
[2026-09-16 17:46:14] INFO: GET /favicon.ico
[2026-09-16 17:46:14] INFO: GET /admin/login
[2026-09-16 17:46:15] INFO: GET /api/admin/dashboard
[2026-09-16 17:46:15] INFO: GET /favicon.ico
[2026-09-16 17:46:15] INFO: GET /admin/login
[2026-09-16 17:46:15] INFO: GET /api/admin/dashboard
[2026-09-16 17:46:15] INFO: GET /favicon.ico
[2026-09-16 17:46:15] INFO: GET /admin/login
[2026-09-16 17:46:15] INFO: GET /api/admin/dashboard
[2026-09-16 17:46:15] INFO: GET /favicon.ico
[2026-09-16 17:46:15] INFO: GET /admin/login
[2026-09-16 17:46:15] INFO: GET /api/admin/dashboard
[2026-09-16 17:46:15] INFO: GET /favicon.ico
[2026-09-16 17:46:16] INFO: GET /admin/login
[2026-09-16 17:46:16] INFO: GET /api/admin/dashboard
[2026-09-16 17:46:16] INFO: GET /favicon.ico
[2026-09-16 17:46:16] INFO: GET /admin/login
[2026-09-16 17:46:16] INFO: GET /api/admin/dashboard
[2026-09-16 17:46:16] INFO: GET /favicon.ico
[2026-09-16 17:46:16] INFO: GET /admin/login
[2026-09-16 17:46:16] INFO: GET /api/admin/dashboard
[2026-09-16 17:46:16] INFO: GET /favicon.ico
[2026-09-16 17:46:16] INFO: GET /admin/login
[2026-09-16 17:46:16] INFO: GET /api/admin/dashboard
[2026-09-16 17:46:16] INFO: GET /favicon.ico
[2026-09-16 17:46:16] INFO: GET /admin/login
[2026-09-16 17:46:17] INFO: GET /api/admin/dashboard
[2026-09-16 17:46:17] INFO: GET /favicon.ico
[2026-09-16 17:46:17] INFO: GET /admin/login
[2026-09-16 17:46:17] INFO: GET /api/admin/dashboard
[2026-09-16 17:46:17] INFO: GET /favicon.ico
[2026-09-16 17:46:17] INFO: GET /admin/login
[2026-09-16 17:46:17] INFO: GET /api/admin/dashboard
[2026-09-16 17:46:17] INFO: GET /favicon.ico
[2026-09-16 17:46:17] INFO: GET /admin/login
[2026-09-16 17:46:17] INFO: GET /api/admin/dashboard
[2026-09-16 17:46:17] INFO: GET /favicon.ico
[2026-09-16 17:46:17] INFO: GET /admin/login
[2026-09-16 17:46:17] INFO: GET /api/admin/dashboard
[2026-09-16 17:46:17] INFO: GET /favicon.ico
[2026-09-16 17:46:18] INFO: GET /admin/login
[2026-09-16 17:46:18] INFO: GET /api/admin/dashboard
[2026-09-16 17:46:18] INFO: GET /favicon.ico
[2026-09-16 17:46:18] INFO: GET /admin/login
[2026-09-16 17:46:18] INFO: GET /api/admin/dashboard
[2026-09-16 17:46:18] INFO: GET /favicon.ico
[2026-09-16 17:46:18] INFO: GET /admin/login
[2026-09-16 17:46:18] INFO: GET /api/admin/dashboard
[2026-09-16 17:46:18] INFO: GET /favicon.ico
[2026-09-16 17:46:18] INFO: GET /admin/login
[2026-09-16 17:46:18] INFO: GET /api/admin/dashboard
[2026-09-16 17:46:18] INFO: GET /favicon.ico
[2026-09-16 17:46:18] INFO: GET /admin/login
[2026-09-16 17:46:19] INFO: GET /api/admin/dashboard
[2026-09-16 17:46:19] INFO: GET /favicon.ico
[2026-09-16 17:46:19] INFO: GET /admin/login
[2026-09-16 17:46:19] INFO: GET /api/admin/dashboard
[2026-09-16 17:46:19] INFO: GET /favicon.ico
[2026-09-16 17:46:19] INFO: GET /admin/login
[2026-09-16 17:46:19] INFO: GET /api/admin/dashboard
[2026-09-16 17:46:19] INFO: GET /favicon.ico
[2026-09-16 17:46:19] INFO: GET /admin/login
[2026-09-16 17:46:19] INFO: GET /api/admin/dashboard
[2026-09-16 17:46:19] INFO: GET /favicon.ico
[2026-09-16 17:46:19] INFO: GET /admin/login
[2026-09-16 17:46:19] INFO: GET /api/admin/dashboard
[2026-09-16 17:46:19] INFO: GET /favicon.ico
[2026-09-16 17:46:20] INFO: GET /admin/login
[2026-09-16 17:46:20] INFO: GET /api/admin/dashboard
[2026-09-16 17:46:20] INFO: GET /favicon.ico
[2026-09-16 17:46:20] INFO: GET /admin/login
[2026-09-16 17:46:20] INFO: GET /api/admin/dashboard
[2026-09-16 17:46:20] INFO: GET /favicon.ico
[2026-09-16 17:46:20] INFO: GET /admin/login
[2026-09-16 17:46:20] INFO: GET /api/admin/dashboard
[2026-09-16 17:46:20] INFO: GET /favicon.ico
[2026-09-16 17:46:20] INFO: GET /admin/login
[2026-09-16 17:46:20] INFO: GET /api/admin/dashboard
[2026-09-16 17:46:20] INFO: GET /favicon.ico
[2026-09-16 17:46:21] INFO: GET /admin/login
[2026-09-16 17:46:21] INFO: GET /api/admin/dashboard
[2026-09-16 17:46:21] INFO: GET /favicon.ico
[2026-09-16 17:46:21] INFO: GET /admin/login
[2026-09-16 17:46:21] INFO: GET /api/admin/dashboard
[2026-09-16 17:46:21] INFO: GET /favicon.ico
[2026-09-16 17:46:21] INFO: GET /admin/login
[2026-09-16 17:46:21] INFO: GET /api/admin/dashboard
[2026-09-16 17:46:21] INFO: GET /favicon.ico
[2026-09-16 17:46:21] INFO: GET /admin/login
[2026-09-16 17:46:21] INFO: GET /api/admin/dashboard
[2026-09-16 17:46:21] INFO: GET /favicon.ico
[2026-09-16 17:46:21] INFO: GET /admin/login
[2026-09-16 17:46:21] INFO: GET /api/admin/dashboard
[2026-09-16 17:46:21] INFO: GET /favicon.ico
[2026-09-16 17:46:22] INFO: GET /admin/login
[2026-09-16 17:46:22] INFO: GET /api/admin/dashboard
[2026-09-16 17:46:22] INFO: GET /favicon.ico
[2026-09-16 17:46:22] INFO: GET /admin/login
[2026-09-16 17:46:22] INFO: GET /api/admin/dashboard
[2026-09-16 17:46:22] INFO: GET /favicon.ico
[2026-09-16 17:46:22] INFO: GET /admin/login
[2026-09-16 17:46:22] INFO: GET /api/admin/dashboard
[2026-09-16 17:46:22] INFO: GET /favicon.ico
[2026-09-16 17:46:22] INFO: GET /admin/login
[2026-09-16 17:46:22] INFO: GET /api/admin/dashboard
[2026-09-16 17:46:22] INFO: GET /favicon.ico
[2026-09-16 17:46:22] INFO: GET /admin/login
[2026-09-16 17:46:23] INFO: GET /api/admin/dashboard
[2026-09-16 17:46:23] INFO: GET /favicon.ico
[2026-09-16 17:46:23] INFO: GET /admin/login
[2026-09-16 17:46:23] INFO: GET /favicon.ico
[2026-09-16 17:52:22] INFO: GET /admin/login
[2026-09-16 17:52:22] INFO: GET /favicon.ico
[2026-09-16 17:52:25] INFO: POST /api/admin/login
[2026-09-16 17:52:26] INFO: GET /favicon.ico
[2026-09-16 17:52:27] INFO: GET /admin
[2026-09-16 17:52:28] INFO: GET /api/admin/dashboard
[2026-09-16 17:52:28] INFO: GET /favicon.ico
[2026-09-16 17:52:30] INFO: GET /admin/users
[2026-09-16 17:52:30] INFO: GET /api/admin/users?page=1&limit=20&search=&role=
[2026-09-16 17:52:30] INFO: GET /favicon.ico
[2026-09-16 17:52:30] INFO: GET /api/admin/dashboard
[2026-09-16 17:52:32] INFO: GET /admin
[2026-09-16 17:52:32] INFO: GET /favicon.ico
[2026-09-16 17:52:33] INFO: GET /api/admin/dashboard
[2026-09-16 17:52:37] INFO: GET /admin/users
[2026-09-16 17:52:37] INFO: GET /api/admin/dashboard
[2026-09-16 17:52:37] INFO: GET /api/admin/users?page=1&limit=20&search=&role=
[2026-09-16 17:52:37] INFO: GET /favicon.ico
[2026-09-16 17:54:23] INFO: GET /admin/comments
[2026-09-16 17:54:23] INFO: GET /api/admin/dashboard
[2026-09-16 17:54:23] INFO: GET /favicon.ico
[2026-09-16 18:01:08] INFO: GET /admin/comments
[2026-09-16 18:01:08] INFO: GET /api/admin/dashboard
[2026-09-16 18:01:08] INFO: GET /api/admin/comments?page=1&limit=25&search=
[2026-09-16 18:01:09] INFO: GET /favicon.ico
[2026-09-16 18:01:16] INFO: GET /api/admin/comments?page=1&limit=25&search=nguy%C3%AA%20
[2026-09-16 18:01:17] INFO: GET /api/admin/comments?page=1&limit=25&search=
[2026-09-16 18:01:30] INFO: GET /admin/subscriptions
[2026-09-16 18:01:31] INFO: GET /api/admin/dashboard
[2026-09-16 18:01:31] INFO: GET /favicon.ico
[2026-09-16 18:01:32] INFO: GET /admin/users
[2026-09-16 18:01:32] INFO: GET /favicon.ico
[2026-09-16 18:01:32] INFO: GET /api/admin/users?page=1&limit=20&search=&role=
[2026-09-16 18:01:32] INFO: GET /favicon.ico
[2026-09-16 18:01:32] INFO: GET /api/admin/dashboard
[2026-09-16 18:01:35] INFO: GET /api/admin/users?page=1&limit=20&search=s&role=
[2026-09-16 18:01:36] INFO: GET /api/admin/users?page=1&limit=20&search=&role=
[2026-09-16 18:01:37] INFO: GET /api/admin/users?page=1&limit=20&search=demo1&role=
[2026-09-16 18:01:40] INFO: GET /api/admin/users?page=1&limit=20&search=&role=
[2026-09-16 18:02:18] INFO: GET /admin
[2026-09-16 18:02:19] INFO: GET /api/admin/dashboard
[2026-09-16 18:02:19] INFO: GET /favicon.ico
[2026-09-16 18:06:59] INFO: GET /admin
[2026-09-16 18:07:00] INFO: GET /api/admin/dashboard
[2026-09-16 18:07:00] INFO: GET /favicon.ico
[2026-09-16 18:07:17] INFO: GET /admin/subscriptions
[2026-09-16 18:07:17] INFO: GET /api/admin/dashboard
[2026-09-16 18:07:17] INFO: GET /favicon.ico
[2026-09-16 18:07:21] INFO: GET /admin/users
[2026-09-16 18:07:21] INFO: GET /favicon.ico
[2026-09-16 18:07:21] INFO: GET /api/admin/dashboard
[2026-09-16 18:07:21] INFO: GET /api/admin/users?page=1&limit=20&search=&role=
[2026-09-16 18:07:21] INFO: GET /favicon.ico
[2026-09-16 18:07:24] INFO: GET /admin
[2026-09-16 18:07:25] INFO: GET /api/admin/dashboard
[2026-09-16 18:07:25] INFO: GET /favicon.ico
[2026-09-16 18:17:06] INFO: GET /admin
[2026-09-16 18:17:06] INFO: GET /api/admin/dashboard
[2026-09-16 18:17:06] INFO: GET /favicon.ico
[2026-09-16 18:17:23] INFO: GET /admin/movies
[2026-09-16 18:17:23] INFO: GET /api/admin/dashboard
[2026-09-16 18:17:23] INFO: GET /favicon.ico
[2026-09-16 18:17:26] INFO: GET /admin/users
[2026-09-16 18:17:26] INFO: GET /favicon.ico
[2026-09-16 18:17:26] INFO: GET /api/admin/dashboard
[2026-09-16 18:17:26] INFO: GET /api/admin/users?page=1&limit=20&search=&role=
[2026-09-16 18:17:26] INFO: GET /favicon.ico
[2026-09-16 18:17:45] INFO: GET /admin
[2026-09-16 18:17:45] INFO: GET /api/admin/dashboard
[2026-09-16 18:17:45] INFO: GET /favicon.ico
[2026-09-16 18:17:54] INFO: GET /admin/movies
[2026-09-16 18:17:54] INFO: GET /api/admin/dashboard
[2026-09-16 18:17:54] INFO: GET /favicon.ico
[2026-09-16 18:18:01] INFO: GET /admin/subscriptions
[2026-09-16 18:18:01] INFO: GET /api/admin/dashboard
[2026-09-16 18:18:01] INFO: GET /api/admin/transactions?limit=30
[2026-09-16 18:18:01] INFO: GET /favicon.ico
[2026-09-16 18:18:02] INFO: GET /admin/banners
[2026-09-16 18:18:02] INFO: GET /favicon.ico
[2026-09-16 18:18:02] INFO: GET /favicon.ico
[2026-09-16 18:18:03] INFO: GET /api/admin/dashboard
[2026-09-16 18:18:06] INFO: GET /admin/settings
[2026-09-16 18:18:06] INFO: GET /api/admin/dashboard
[2026-09-16 18:18:06] INFO: GET /favicon.ico
[2026-09-16 18:22:24] INFO: GET /admin/settings
[2026-09-16 18:22:24] INFO: GET /api/admin/dashboard
[2026-09-16 18:22:25] INFO: GET /favicon.ico
[2026-09-16 18:22:26] INFO: GET /admin
[2026-09-16 18:22:26] INFO: GET /favicon.ico
[2026-09-16 18:22:29] INFO: GET /api/admin/dashboard
[2026-09-16 18:22:31] INFO: GET /admin
[2026-09-16 18:22:31] INFO: GET /api/admin/dashboard
[2026-09-16 18:22:31] INFO: GET /favicon.ico
[2026-09-16 18:22:32] INFO: GET /admin
[2026-09-16 18:22:32] INFO: GET /api/admin/dashboard
[2026-09-16 18:22:32] INFO: GET /favicon.ico
[2026-09-16 18:22:34] INFO: GET /admin
[2026-09-16 18:22:34] INFO: GET /api/admin/dashboard
[2026-09-16 18:22:34] INFO: GET /favicon.ico
[2026-09-16 18:22:38] INFO: GET /admin/movies
[2026-09-16 18:22:38] INFO: GET /api/admin/dashboard
[2026-09-16 18:22:38] INFO: GET /favicon.ico
[2026-09-16 18:22:54] INFO: GET /favicon.ico
[2026-09-16 18:23:05] INFO: GET /phim/mua-he-nam-ay-2026
[2026-09-16 18:23:05] INFO: GET /logo-aphim1.webp
[2026-09-16 18:23:05] INFO: GET /api/settings/public
[2026-09-16 18:23:05] INFO: GET /api/movies/hidden/list
[2026-09-16 18:23:05] INFO: GET /api/gamification/leaderboard?timeframe=weekly&userId=2be1a5cc-d48d-4872-b366-3135128f361b
[2026-09-16 18:23:06] INFO: GET /api/comments/movie/mua-he-nam-ay-2026
[2026-09-16 18:23:06] INFO: GET /api/comments/stream/mua-he-nam-ay-2026
[2026-09-16 18:23:06] INFO: GET /api/vsmov/mua-he-nam-ay-2026
[2026-09-16 18:23:06] INFO: GET /favicon-32x32.png
[2026-09-16 18:23:08] INFO: GET /api/tmdb/tv/331035/credits
[2026-09-16 18:23:08] INFO: GET /api/tmdb/tv/331035?language=vi-VN
[2026-09-16 18:23:08] INFO: GET /api/tmdb/search/multi?query=That%20Summer
[2026-09-16 18:23:08] INFO: GET /api/actor-avatar?name=Long%20V%C5%A9
[2026-09-16 18:23:08] INFO: GET /api/actor-avatar?name=L%C6%B0u%20Ly
[2026-09-16 18:23:08] INFO: GET /api/actor-avatar?name=H%C3%A0%20Th%C3%A0nh
[2026-09-16 18:23:08] INFO: GET /api/actor-avatar?name=Nguy%E1%BB%85n%20Ho%C3%A0ng%20H%E1%BA%A3i
[2026-09-16 18:23:08] INFO: GET /api/actor-avatar?name=Nguy%E1%BB%85n%20Trinh
[2026-09-16 18:23:10] INFO: GET /xem-phim/mua-he-nam-ay-2026/tap-01?server=0
[2026-09-16 18:23:10] INFO: GET /api/actor-avatar?name=T%C3%B4%20D%C5%A9ng
[2026-09-16 18:23:11] INFO: GET /api/actor-avatar?name=Minh%20Thu
[2026-09-16 18:23:11] INFO: GET /api/actor-avatar?name=V%C3%A2n%20Dung
[2026-09-16 18:23:12] INFO: GET /api/actor-avatar?name=Anh%20Tu%E1%BA%A5n
[2026-09-16 18:23:12] INFO: GET /api/actor-avatar?name=H%E1%BB%93ng%20H%E1%BA%A1nh
[2026-09-16 18:23:13] INFO: GET /api/actor-avatar?name=Tr%E1%BB%8Dng%20L%C3%A2n
[2026-09-16 18:23:15] INFO: GET /api/actor-avatar?name=Phan%20Th%E1%BA%AFng
[2026-09-16 18:23:15] INFO: GET /api/actor-avatar?name=Ch%C3%A2u%20D%C6%B0%C6%A1ng
[2026-09-16 18:23:15] INFO: GET /api/actor-avatar?name=Ng%C3%B4%20Ho%C3%A0ng%20B%E1%BA%A3o%20Ch%C3%A2u
[2026-09-16 18:23:15] INFO: GET /logo-aphim1.webp
[2026-09-16 18:23:16] INFO: GET /api/settings/public
[2026-09-16 18:23:16] INFO: GET /api/movies/hidden/list
[2026-09-16 18:23:16] INFO: GET /api/gamification/leaderboard?timeframe=weekly&userId=2be1a5cc-d48d-4872-b366-3135128f361b
[2026-09-16 18:23:16] INFO: GET /favicon-32x32.png
[2026-09-16 18:23:16] INFO: GET /api/comments/movie/mua-he-nam-ay-2026
[2026-09-16 18:23:16] INFO: GET /api/comments/stream/mua-he-nam-ay-2026
[2026-09-16 18:23:16] INFO: GET /api/vsmov/mua-he-nam-ay-2026
[2026-09-16 18:23:16] INFO: GET /api/gamification/leaderboard?timeframe=weekly&userId=2be1a5cc-d48d-4872-b366-3135128f361b
[2026-09-16 18:23:17] INFO: GET /icons/play.json
[2026-09-16 18:23:17] INFO: GET /icons/gold-medal.lottie
[2026-09-16 18:23:17] INFO: GET /api/tmdb/tv/331035/credits
[2026-09-16 18:23:17] INFO: GET /api/tmdb/search/movie?query=That%20Summer&year=2026
[2026-09-16 18:23:17] INFO: GET /api/tmdb/search/movie?query=M%C3%B9a%20H%C3%A8%20N%C4%83m%20%E1%BA%A4y&year=2026
[2026-09-16 18:23:17] INFO: GET /api/tmdb/search/movie?query=That%20Summer
[2026-09-16 18:23:17] INFO: GET /api/tmdb/search/movie?query=M%C3%B9a%20H%C3%A8%20N%C4%83m%20%E1%BA%A4y
[2026-09-16 18:23:20] INFO: GET /android-chrome-512x512.png
[2026-09-16 18:23:21] INFO: GET /api/comments/movie/mua-he-nam-ay-2026
[2026-09-16 18:23:26] INFO: GET /api/comments/movie/mua-he-nam-ay-2026
[2026-09-16 18:23:31] INFO: GET /api/comments/movie/mua-he-nam-ay-2026
[2026-09-16 18:23:36] INFO: GET /api/comments/movie/mua-he-nam-ay-2026
[2026-09-16 18:23:41] INFO: GET /api/comments/movie/mua-he-nam-ay-2026
[2026-09-16 18:23:46] INFO: GET /api/comments/movie/mua-he-nam-ay-2026
[2026-09-16 18:23:51] INFO: GET /api/comments/movie/mua-he-nam-ay-2026
[2026-09-16 18:23:56] INFO: GET /api/comments/movie/mua-he-nam-ay-2026
[2026-09-16 18:24:01] INFO: GET /api/comments/movie/mua-he-nam-ay-2026
[2026-09-16 18:24:07] INFO: GET /api/comments/movie/mua-he-nam-ay-2026
[2026-09-16 18:24:12] INFO: GET /api/comments/movie/mua-he-nam-ay-2026
[2026-09-16 18:24:16] INFO: GET /api/comments/movie/mua-he-nam-ay-2026
[2026-09-16 18:24:22] INFO: GET /api/comments/movie/mua-he-nam-ay-2026
[2026-09-16 18:24:27] INFO: GET /api/comments/movie/mua-he-nam-ay-2026
[2026-09-16 18:24:31] INFO: GET /api/comments/movie/mua-he-nam-ay-2026
[2026-09-16 18:24:37] INFO: GET /api/comments/movie/mua-he-nam-ay-2026
[2026-09-16 18:24:42] INFO: GET /api/comments/movie/mua-he-nam-ay-2026
[2026-09-16 18:24:47] INFO: GET /api/comments/movie/mua-he-nam-ay-2026
[2026-09-16 18:25:21] INFO: GET /api/comments/movie/mua-he-nam-ay-2026
[2026-09-16 18:26:21] INFO: GET /api/comments/movie/mua-he-nam-ay-2026
[2026-09-16 18:26:39] INFO: GET /api/comments/movie/mua-he-nam-ay-2026
[2026-09-16 18:26:40] INFO: GET /xem-phim/mua-he-nam-ay-2026/tap-01?server=0
[2026-09-16 18:26:40] INFO: GET /logo-aphim1.webp
[2026-09-16 18:26:40] INFO: GET /api/settings/public
[2026-09-16 18:26:40] INFO: GET /api/movies/hidden/list
[2026-09-16 18:26:41] INFO: GET /api/gamification/leaderboard?timeframe=weekly&userId=2be1a5cc-d48d-4872-b366-3135128f361b
[2026-09-16 18:26:41] INFO: GET /api/comments/movie/mua-he-nam-ay-2026
[2026-09-16 18:26:41] INFO: GET /api/comments/stream/mua-he-nam-ay-2026
[2026-09-16 18:26:41] INFO: GET /api/vsmov/mua-he-nam-ay-2026
[2026-09-16 18:26:41] INFO: GET /icons/play.json
[2026-09-16 18:26:41] INFO: GET /api/gamification/leaderboard?timeframe=weekly&userId=2be1a5cc-d48d-4872-b366-3135128f361b
[2026-09-16 18:26:41] INFO: GET /api/tmdb/tv/331035/credits
[2026-09-16 18:26:41] INFO: GET /api/tmdb/search/movie?query=That%20Summer&year=2026
[2026-09-16 18:26:41] INFO: GET /api/tmdb/search/movie?query=M%C3%B9a%20H%C3%A8%20N%C4%83m%20%E1%BA%A4y&year=2026
[2026-09-16 18:26:41] INFO: GET /api/tmdb/search/movie?query=That%20Summer
[2026-09-16 18:26:41] INFO: GET /api/tmdb/search/movie?query=M%C3%B9a%20H%C3%A8%20N%C4%83m%20%E1%BA%A4y
[2026-09-16 18:26:42] INFO: GET /favicon-32x32.png
[2026-09-16 18:26:42] INFO: GET /icons/gold-medal.lottie
[2026-09-16 18:26:44] INFO: GET /android-chrome-512x512.png
[2026-09-16 18:26:46] INFO: GET /api/comments/movie/mua-he-nam-ay-2026
[2026-09-16 18:26:51] INFO: GET /api/comments/movie/mua-he-nam-ay-2026
[2026-09-16 18:26:56] INFO: GET /api/comments/movie/mua-he-nam-ay-2026
[2026-09-16 18:27:01] INFO: GET /api/comments/movie/mua-he-nam-ay-2026
[2026-09-16 18:27:06] INFO: GET /api/comments/movie/mua-he-nam-ay-2026
[2026-09-16 18:27:11] INFO: GET /api/comments/movie/mua-he-nam-ay-2026
[2026-09-16 18:27:17] INFO: GET /api/comments/movie/mua-he-nam-ay-2026
[2026-09-16 18:27:22] INFO: GET /api/comments/movie/mua-he-nam-ay-2026
[2026-09-16 18:27:27] INFO: GET /api/comments/movie/mua-he-nam-ay-2026
[2026-09-16 18:27:32] INFO: GET /api/comments/movie/mua-he-nam-ay-2026
[2026-09-16 18:27:37] INFO: GET /api/comments/movie/mua-he-nam-ay-2026
[2026-09-16 18:27:42] INFO: GET /api/comments/movie/mua-he-nam-ay-2026
[2026-09-16 18:27:46] INFO: GET /api/comments/movie/mua-he-nam-ay-2026
[2026-09-16 18:27:46] INFO: GET /phim-theo-quoc-gia?country=viet-nam
[2026-09-16 18:27:47] INFO: GET /logo-aphim1.webp
[2026-09-16 18:27:47] INFO: GET /api/settings/public
[2026-09-16 18:27:47] INFO: GET /api/movies/hidden/list
[2026-09-16 18:27:47] INFO: GET /api/gamification/leaderboard?timeframe=weekly&userId=2be1a5cc-d48d-4872-b366-3135128f361b
[2026-09-16 18:27:49] INFO: GET /phim/hen-em-ngay-nhat-thuc
[2026-09-16 18:27:49] INFO: GET /logo-aphim1.webp
[2026-09-16 18:27:49] INFO: GET /api/settings/public
[2026-09-16 18:27:49] INFO: GET /api/movies/hidden/list
[2026-09-16 18:27:49] INFO: GET /api/gamification/leaderboard?timeframe=weekly&userId=2be1a5cc-d48d-4872-b366-3135128f361b
[2026-09-16 18:27:49] INFO: GET /api/comments/movie/hen-em-ngay-nhat-thuc
[2026-09-16 18:27:49] INFO: GET /api/comments/stream/hen-em-ngay-nhat-thuc
[2026-09-16 18:27:49] INFO: GET /api/vsmov/hen-em-ngay-nhat-thuc
[2026-09-16 18:27:50] INFO: GET /favicon-32x32.png
[2026-09-16 18:27:50] INFO: GET /api/tmdb/search/multi?query=Meet%20Me%20at%20the%20Eclipse
[2026-09-16 18:27:51] INFO: GET /api/tmdb/search/multi?query=Meet%20Me%20at%20the%20Eclipse
[2026-09-16 18:27:52] INFO: GET /xem-phim/hen-em-ngay-nhat-thuc/tap-full?server=0
[2026-09-16 18:27:52] INFO: GET /logo-aphim1.webp
[2026-09-16 18:27:52] INFO: GET /api/settings/public
[2026-09-16 18:27:52] INFO: GET /api/movies/hidden/list
[2026-09-16 18:27:52] INFO: GET /api/gamification/leaderboard?timeframe=weekly&userId=2be1a5cc-d48d-4872-b366-3135128f361b
[2026-09-16 18:27:52] INFO: GET /favicon-32x32.png
[2026-09-16 18:27:52] INFO: GET /api/comments/movie/hen-em-ngay-nhat-thuc
[2026-09-16 18:27:52] INFO: GET /api/vsmov/hen-em-ngay-nhat-thuc
[2026-09-16 18:27:52] INFO: GET /api/comments/stream/hen-em-ngay-nhat-thuc
[2026-09-16 18:27:52] INFO: GET /api/gamification/leaderboard?timeframe=weekly&userId=2be1a5cc-d48d-4872-b366-3135128f361b
[2026-09-16 18:27:52] INFO: GET /icons/play.json
[2026-09-16 18:27:53] INFO: GET /api/tmdb/movie/1635425/credits
[2026-09-16 18:27:53] INFO: GET /api/tmdb/search/movie?query=Meet%20Me%20at%20the%20Eclipse&year=2026
[2026-09-16 18:27:53] INFO: GET /api/tmdb/search/movie?query=H%E1%BA%B9n%20Em%20Ng%C3%A0y%20Nh%E1%BA%ADt%20Th%E1%BB%B1c&year=2026
[2026-09-16 18:27:53] INFO: GET /api/tmdb/search/movie?query=Meet%20Me%20at%20the%20Eclipse
[2026-09-16 18:27:53] INFO: GET /api/tmdb/search/movie?query=H%E1%BA%B9n%20Em%20Ng%C3%A0y%20Nh%E1%BA%ADt%20Th%E1%BB%B1c
[2026-09-16 18:27:53] INFO: GET /icons/gold-medal.lottie
[2026-09-16 18:27:55] INFO: GET /android-chrome-512x512.png
[2026-09-16 18:27:57] INFO: GET /api/comments/movie/hen-em-ngay-nhat-thuc
[2026-09-16 18:27:59] INFO: GET /favicon-32x32.png
[2026-09-16 18:28:02] INFO: GET /api/comments/movie/hen-em-ngay-nhat-thuc
[2026-09-16 18:28:07] INFO: GET /api/comments/movie/hen-em-ngay-nhat-thuc
[2026-09-16 18:28:08] INFO: GET /favicon-32x32.png
[2026-09-16 18:28:12] INFO: GET /api/comments/movie/hen-em-ngay-nhat-thuc
[2026-09-16 18:28:17] INFO: GET /api/comments/movie/hen-em-ngay-nhat-thuc
[2026-09-16 18:28:22] INFO: GET /api/comments/movie/hen-em-ngay-nhat-thuc
[2026-09-16 19:14:12] INFO: GET /api/comments/movie/hen-em-ngay-nhat-thuc
[2026-09-16 19:14:12] INFO: GET /api/comments/stream/hen-em-ngay-nhat-thuc
[2026-09-16 19:14:13] INFO: GET /api/comments/movie/hen-em-ngay-nhat-thuc
[2026-09-16 19:14:21] INFO: GET /api/comments/movie/hen-em-ngay-nhat-thuc
[2026-09-16 19:15:17] INFO: GET /api/comments/movie/hen-em-ngay-nhat-thuc
[2026-09-16 19:15:17] INFO: GET /api/comments/movie/hen-em-ngay-nhat-thuc
[2026-09-16 19:15:22] INFO: GET /api/comments/movie/hen-em-ngay-nhat-thuc
[2026-09-16 19:15:25] INFO: GET /favicon-32x32.png
[2026-09-16 19:15:27] INFO: GET /api/comments/movie/hen-em-ngay-nhat-thuc
[2026-09-16 19:15:32] INFO: GET /api/comments/movie/hen-em-ngay-nhat-thuc
[2026-09-16 19:15:37] INFO: GET /api/comments/movie/hen-em-ngay-nhat-thuc
[2026-09-16 19:15:38] INFO: POST /api/admin/login
[2026-09-16 19:15:42] INFO: GET /api/comments/movie/hen-em-ngay-nhat-thuc
[2026-09-16 19:15:47] INFO: GET /api/comments/movie/hen-em-ngay-nhat-thuc
[2026-09-16 19:15:52] INFO: GET /api/comments/movie/hen-em-ngay-nhat-thuc
[2026-09-16 19:15:57] INFO: GET /api/comments/movie/hen-em-ngay-nhat-thuc
[2026-09-16 19:16:02] INFO: GET /admin/subscriptions
[2026-09-16 19:16:03] INFO: GET /api/comments/movie/hen-em-ngay-nhat-thuc
[2026-09-16 19:16:03] INFO: GET /api/admin/dashboard
[2026-09-16 19:16:03] INFO: GET /api/admin/transactions?limit=30
[2026-09-16 19:16:03] INFO: GET /favicon.ico
[2026-09-16 19:16:04] INFO: GET /admin/users
[2026-09-16 19:16:04] INFO: GET /api/admin/users?page=1&limit=20&search=&role=
[2026-09-16 19:16:04] INFO: GET /favicon.ico
[2026-09-16 19:16:04] INFO: GET /favicon.ico
[2026-09-16 19:16:06] INFO: GET /api/admin/dashboard
[2026-09-16 19:16:07] INFO: GET /admin/movies
[2026-09-16 19:16:07] INFO: GET /favicon.ico
[2026-09-16 19:16:08] INFO: GET /api/comments/movie/hen-em-ngay-nhat-thuc
[2026-09-16 19:16:08] INFO: GET /admin
[2026-09-16 19:16:08] INFO: GET /favicon.ico
[2026-09-16 19:16:09] INFO: GET /api/admin/dashboard
[2026-09-16 19:16:12] INFO: POST /api/admin/sync
[2026-09-16 19:16:12] INFO: GET /favicon.ico
[2026-09-16 19:16:13] INFO: GET /api/comments/movie/hen-em-ngay-nhat-thuc
[2026-09-16 19:16:18] INFO: GET /api/comments/movie/hen-em-ngay-nhat-thuc
[2026-09-16 19:16:23] INFO: GET /api/comments/movie/hen-em-ngay-nhat-thuc
[2026-09-16 19:16:28] INFO: GET /api/comments/movie/hen-em-ngay-nhat-thuc
[2026-09-16 19:16:33] INFO: GET /api/comments/movie/hen-em-ngay-nhat-thuc
[2026-09-16 19:17:19] INFO: GET /admin/users
[2026-09-16 19:17:19] INFO: GET /api/admin/dashboard
[2026-09-16 19:17:19] INFO: GET /api/admin/users?page=1&limit=20&search=&role=
[2026-09-16 19:17:19] INFO: GET /favicon.ico
[2026-09-16 19:17:21] INFO: GET /api/comments/movie/hen-em-ngay-nhat-thuc
[2026-09-16 19:17:22] INFO: GET /admin
[2026-09-16 19:17:22] INFO: GET /api/admin/dashboard
[2026-09-16 19:17:22] INFO: GET /favicon.ico
[2026-09-16 19:17:22] INFO: GET /favicon.ico
[2026-09-16 19:18:21] INFO: GET /api/comments/movie/hen-em-ngay-nhat-thuc
[2026-09-16 19:19:21] INFO: GET /api/comments/movie/hen-em-ngay-nhat-thuc
[2026-09-16 19:20:00] INFO: GET /api/comments/stream/hen-em-ngay-nhat-thuc
[2026-09-16 19:20:21] INFO: GET /api/comments/movie/hen-em-ngay-nhat-thuc
[2026-09-16 19:20:39] INFO: GET /api/comments/stream/hen-em-ngay-nhat-thuc
[2026-09-16 19:21:19] INFO: GET /admin
[2026-09-16 19:21:21] INFO: GET /api/comments/movie/hen-em-ngay-nhat-thuc
[2026-09-16 19:21:44] INFO: GET /admin
[2026-09-16 19:21:44] INFO: GET /api/admin/dashboard
[2026-09-16 19:21:44] INFO: GET /favicon.ico
[2026-09-16 19:21:53] INFO: GET /admin/movies
[2026-09-16 19:21:53] INFO: GET /api/admin/dashboard
[2026-09-16 19:21:53] INFO: GET /favicon.ico
[2026-09-16 19:22:21] INFO: GET /api/comments/movie/hen-em-ngay-nhat-thuc
[2026-09-16 19:22:25] INFO: GET /admin/subscriptions
[2026-09-16 19:22:25] INFO: GET /api/admin/dashboard
[2026-09-16 19:22:25] INFO: GET /api/admin/transactions?limit=30
[2026-09-16 19:22:25] INFO: GET /favicon.ico
[2026-09-16 19:22:27] INFO: GET /admin/banners
[2026-09-16 19:22:27] INFO: GET /favicon.ico
[2026-09-16 19:22:27] INFO: GET /admin/comments
[2026-09-16 19:22:27] INFO: GET /api/admin/comments?page=1&limit=25&search=
[2026-09-16 19:22:27] INFO: GET /favicon.ico
[2026-09-16 19:22:28] INFO: GET /api/admin/dashboard
[2026-09-16 19:22:31] INFO: GET /api/admin/dashboard
[2026-09-16 19:22:32] INFO: PUT /api/admin/comments/6aa93335610464a6324138e5/status
[2026-09-16 19:22:33] INFO: GET /api/admin/comments?page=1&limit=25&search=
[2026-09-16 19:22:37] INFO: PUT /api/admin/comments/6aa93335610464a6324138e5/status
[2026-09-16 19:22:37] INFO: GET /api/admin/comments?page=1&limit=25&search=
[2026-09-16 19:22:40] INFO: GET /admin/movies
[2026-09-16 19:22:40] INFO: GET /api/admin/dashboard
[2026-09-16 19:22:40] INFO: GET /favicon.ico
[2026-09-16 19:22:42] INFO: GET /admin
[2026-09-16 19:22:42] INFO: GET /favicon.ico
[2026-09-16 19:22:43] INFO: GET /api/admin/dashboard
[2026-09-16 19:23:21] INFO: GET /api/comments/movie/hen-em-ngay-nhat-thuc
[2026-09-16 19:23:28] INFO: GET /admin/settings
[2026-09-16 19:23:28] INFO: GET /api/admin/dashboard
[2026-09-16 19:23:28] INFO: GET /favicon.ico
[2026-09-16 19:23:41] INFO: GET /admin/users
[2026-09-16 19:23:43] INFO: GET /api/admin/dashboard
[2026-09-16 19:23:43] INFO: GET /api/admin/users?page=1&limit=20&search=&role=
[2026-09-16 19:23:43] INFO: GET /favicon.ico
[2026-09-16 19:23:45] INFO: GET /api/comments/stream/hen-em-ngay-nhat-thuc
[2026-09-16 19:23:57] INFO: GET /api/comments/movie/hen-em-ngay-nhat-thuc
[2026-09-16 19:23:59] INFO: GET /api/comments/stream/hen-em-ngay-nhat-thuc
[2026-09-16 19:24:03] INFO: GET /api/comments/movie/hen-em-ngay-nhat-thuc
[2026-09-16 19:24:04] INFO: GET /admin/comments
[2026-09-16 19:24:04] INFO: GET /api/admin/dashboard
[2026-09-16 19:24:04] INFO: GET /api/admin/comments?page=1&limit=25&search=
[2026-09-16 19:24:04] INFO: GET /favicon.ico
[2026-09-16 19:24:08] INFO: GET /api/comments/movie/hen-em-ngay-nhat-thuc
[2026-09-16 19:24:13] INFO: GET /api/comments/movie/hen-em-ngay-nhat-thuc
[2026-09-16 19:24:18] INFO: GET /api/comments/movie/hen-em-ngay-nhat-thuc
[2026-09-16 19:24:22] INFO: GET /api/comments/movie/hen-em-ngay-nhat-thuc
[2026-09-16 19:24:28] INFO: GET /api/comments/movie/hen-em-ngay-nhat-thuc
[2026-09-16 19:24:33] INFO: GET /api/comments/movie/hen-em-ngay-nhat-thuc
[2026-09-16 19:24:38] INFO: GET /api/comments/movie/hen-em-ngay-nhat-thuc
[2026-09-16 19:24:43] INFO: GET /api/comments/movie/hen-em-ngay-nhat-thuc
[2026-09-16 19:24:48] INFO: GET /api/comments/movie/hen-em-ngay-nhat-thuc
[2026-09-16 19:24:52] INFO: GET /admin/movies
[2026-09-16 19:24:53] INFO: GET /api/comments/movie/hen-em-ngay-nhat-thuc
[2026-09-16 19:24:58] INFO: GET /api/comments/movie/hen-em-ngay-nhat-thuc
[2026-09-16 19:25:01] INFO: GET /admin/comments
[2026-09-16 19:25:01] INFO: GET /api/admin/dashboard
[2026-09-16 19:25:01] INFO: GET /api/admin/comments?page=1&limit=25&search=
[2026-09-16 19:25:01] INFO: GET /favicon.ico
[2026-09-16 19:25:05] INFO: GET /admin
[2026-09-16 19:25:05] INFO: GET /favicon.ico
[2026-09-16 19:25:06] INFO: GET /api/admin/dashboard
[2026-09-16 19:25:18] INFO: GET /admin/movies
[2026-09-16 19:25:18] INFO: GET /api/admin/dashboard
[2026-09-16 19:25:18] INFO: GET /favicon.ico
[2026-09-16 19:25:20] INFO: GET /admin
[2026-09-16 19:25:20] INFO: GET /favicon.ico
[2026-09-16 19:25:21] INFO: GET /api/comments/movie/hen-em-ngay-nhat-thuc
[2026-09-16 19:25:21] INFO: GET /favicon.ico
[2026-09-16 19:25:25] INFO: GET /api/admin/dashboard
[2026-09-16 20:48:04] INFO: GET /api/comments/stream/hen-em-ngay-nhat-thuc
[2026-09-16 20:48:06] INFO: POST /api/admin/login
[2026-09-16 20:48:07] INFO: GET /admin
[2026-09-16 20:48:08] INFO: GET /api/admin/dashboard
[2026-09-16 20:48:08] INFO: GET /favicon.ico
[2026-09-16 20:48:08] INFO: GET /admin/login
[2026-09-16 20:48:08] INFO: GET /favicon.ico
[2026-09-16 20:48:11] INFO: POST /api/admin/login
[2026-09-16 20:48:11] INFO: GET /favicon.ico
[2026-09-16 20:48:12] INFO: GET /admin
[2026-09-16 20:48:12] INFO: GET /api/admin/dashboard
[2026-09-16 20:48:12] INFO: GET /favicon.ico
[2026-09-16 20:48:21] INFO: GET /api/comments/movie/hen-em-ngay-nhat-thuc
[2026-09-16 20:48:27] INFO: GET /admin/users
[2026-09-16 20:48:27] INFO: GET /api/admin/dashboard
[2026-09-16 20:48:27] INFO: GET /api/admin/users?page=1&limit=20&search=&role=
[2026-09-16 20:48:27] INFO: GET /favicon.ico
[2026-09-16 20:48:37] INFO: GET /admin/users
[2026-09-16 20:48:37] INFO: GET /api/admin/dashboard
[2026-09-16 20:48:37] INFO: GET /api/admin/users?page=1&limit=20&search=&role=
[2026-09-16 20:48:37] INFO: GET /favicon.ico
[2026-09-16 20:49:21] INFO: GET /api/comments/movie/hen-em-ngay-nhat-thuc
[2026-09-16 20:50:21] INFO: GET /api/comments/movie/hen-em-ngay-nhat-thuc
[2026-09-16 20:51:21] INFO: GET /api/comments/movie/hen-em-ngay-nhat-thuc
[2026-09-16 20:51:40] INFO: GET /api/comments/stream/hen-em-ngay-nhat-thuc
[2026-09-16 20:52:21] INFO: GET /api/comments/movie/hen-em-ngay-nhat-thuc
[2026-09-16 20:53:21] INFO: GET /api/comments/movie/hen-em-ngay-nhat-thuc
[2026-09-16 20:54:21] INFO: GET /api/comments/movie/hen-em-ngay-nhat-thuc
[2026-09-16 20:55:15] INFO: GET /api/comments/stream/hen-em-ngay-nhat-thuc
[2026-09-16 20:55:21] INFO: GET /api/comments/movie/hen-em-ngay-nhat-thuc
[2026-09-16 20:56:21] INFO: GET /api/comments/movie/hen-em-ngay-nhat-thuc
[2026-09-16 20:56:23] INFO: GET /api/comments/stream/hen-em-ngay-nhat-thuc
[2026-09-16 20:56:38] INFO: GET /api/comments/stream/hen-em-ngay-nhat-thuc
[2026-09-16 20:57:21] INFO: GET /api/comments/movie/hen-em-ngay-nhat-thuc
[2026-09-16 20:58:12] INFO: GET /api/comments/stream/hen-em-ngay-nhat-thuc
[2026-09-16 20:58:21] INFO: GET /api/comments/movie/hen-em-ngay-nhat-thuc
[2026-09-16 20:59:21] INFO: GET /api/comments/movie/hen-em-ngay-nhat-thuc
[2026-09-16 20:59:39] INFO: GET /admin/users
[2026-09-16 20:59:41] INFO: GET /api/admin/users?page=1&limit=20&search=&role=
[2026-09-16 20:59:41] INFO: GET /favicon.ico
[2026-09-16 20:59:42] INFO: GET /admin/users
[2026-09-16 20:59:42] INFO: GET /admin/subscriptions
[2026-09-16 20:59:51] INFO: GET /admin/movies
[2026-09-16 20:59:51] INFO: GET /admin
[2026-09-16 20:59:52] INFO: GET /api/admin/dashboard
[2026-09-16 20:59:52] INFO: GET /favicon.ico
[2026-09-16 20:59:52] INFO: GET /favicon.ico
[2026-09-16 21:00:01] INFO: GET /admin
[2026-09-16 21:00:02] INFO: GET /api/admin/dashboard
[2026-09-16 21:00:02] INFO: GET /favicon.ico
[2026-09-16 21:00:12] INFO: GET /admin/comments
[2026-09-16 21:00:12] INFO: GET /admin/banners
[2026-09-16 21:00:12] INFO: GET /admin/banners
[2026-09-16 21:00:12] INFO: GET /admin/subscriptions
[2026-09-16 21:00:12] INFO: GET /admin/subscriptions
[2026-09-16 21:00:12] INFO: GET /admin/users
[2026-09-16 21:00:13] INFO: GET /api/admin/users?page=1&limit=20&search=&role=
[2026-09-16 21:00:13] INFO: GET /favicon.ico
[2026-09-16 21:00:13] INFO: GET /favicon.ico
[2026-09-16 21:00:16] INFO: GET /admin/movies
[2026-09-16 21:00:16] INFO: GET /admin/movies
[2026-09-16 21:00:16] INFO: GET /admin
[2026-09-16 21:00:17] INFO: GET /favicon.ico
[2026-09-16 21:00:21] INFO: GET /api/comments/movie/hen-em-ngay-nhat-thuc
[2026-09-16 21:00:25] INFO: GET /.well-known/appspecific/com.chrome.devtools.json
[2026-09-16 21:00:34] INFO: GET /api/admin/users?page=1&limit=20&search=&role=
[2026-09-16 21:00:34] INFO: GET /favicon.ico
[2026-09-16 21:00:36] INFO: GET /api/admin/transactions?limit=30
[2026-09-16 21:00:36] INFO: GET /favicon.ico
[2026-09-16 21:00:37] INFO: GET /api/admin/comments?page=1&limit=25&search=
[2026-09-16 21:00:37] INFO: GET /favicon.ico
[2026-09-16 21:00:37] INFO: GET /api/admin/dashboard
[2026-09-16 21:00:45] INFO: GET /api/admin/transactions?limit=30
[2026-09-16 21:00:45] INFO: GET /favicon.ico
[2026-09-16 21:00:46] INFO: GET /api/admin/users?page=1&limit=20&search=&role=
[2026-09-16 21:00:46] INFO: GET /favicon.ico
[2026-09-16 21:00:47] INFO: GET /favicon.ico
[2026-09-16 21:00:57] INFO: GET /favicon.ico
[2026-09-16 21:01:03] INFO: GET /favicon.ico
[2026-09-16 21:01:04] INFO: GET /api/admin/comments?page=1&limit=25&search=
[2026-09-16 21:01:04] INFO: GET /favicon.ico
[2026-09-16 21:01:06] INFO: GET /api/admin/users?page=1&limit=20&search=&role=
[2026-09-16 21:01:06] INFO: GET /favicon.ico
[2026-09-16 21:01:07] INFO: GET /api/admin/dashboard
[2026-09-16 21:01:08] INFO: GET /favicon.ico
[2026-09-16 21:01:13] INFO: GET /api/admin/dashboard
[2026-09-16 21:01:21] INFO: GET /api/comments/movie/hen-em-ngay-nhat-thuc
[2026-09-16 21:02:21] INFO: GET /api/comments/movie/hen-em-ngay-nhat-thuc
[2026-09-16 21:03:21] INFO: GET /api/comments/movie/hen-em-ngay-nhat-thuc
[2026-09-16 21:03:37] INFO: GET /logo-aphim1.webp
[2026-09-16 21:04:21] INFO: GET /api/comments/movie/hen-em-ngay-nhat-thuc
[2026-09-16 21:04:25] INFO: GET /
[2026-09-16 21:04:26] INFO: GET /logo-aphim1.webp
[2026-09-16 21:04:26] INFO: GET /api/settings/public
[2026-09-16 21:04:26] INFO: GET /api/movies/hidden/list
[2026-09-16 21:04:26] INFO: GET /manifest.json
[2026-09-16 21:04:26] INFO: GET /api/gamification/leaderboard?timeframe=weekly&userId=2be1a5cc-d48d-4872-b366-3135128f361b
[2026-09-16 21:04:28] INFO: GET /
[2026-09-16 21:04:29] INFO: GET /logo-aphim1.webp
[2026-09-16 21:04:29] INFO: GET /api/settings/public
[2026-09-16 21:04:29] INFO: GET /api/movies/hidden/list
[2026-09-16 21:04:29] INFO: GET /manifest.json
[2026-09-16 21:04:29] INFO: GET /api/gamification/leaderboard?timeframe=weekly&userId=
[2026-09-16 21:04:29] INFO: GET /apple-touch-icon.png
[2026-09-16 21:04:29] INFO: GET /favicon-32x32.png
[2026-09-16 21:04:32] INFO: POST /api/auth/login
[2026-09-16 21:04:32] WARN: Login failed for anhtran26042004@gmail.com: Invalid login credentials
[2026-09-16 21:04:41] INFO: GET /profile?tab=account
[2026-09-16 21:04:41] INFO: GET /logo-aphim1.webp
[2026-09-16 21:04:41] INFO: GET /android-chrome-512x512.png
[2026-09-16 21:04:43] INFO: GET /api/settings/public
[2026-09-16 21:04:43] INFO: GET /api/movies/hidden/list
[2026-09-16 21:04:43] INFO: GET /api/gamification/leaderboard?timeframe=weekly&userId=2be1a5cc-d48d-4872-b366-3135128f361b
[2026-09-16 21:04:44] INFO: GET /
[2026-09-16 21:04:44] INFO: GET /logo-aphim1.webp
[2026-09-16 21:04:44] INFO: GET /api/movies/hidden/list
[2026-09-16 21:04:45] INFO: GET /api/gamification/leaderboard?timeframe=weekly&userId=2be1a5cc-d48d-4872-b366-3135128f361b
[2026-09-16 21:04:45] INFO: GET /api/settings/public
[2026-09-16 21:04:52] INFO: GET /profile?tab=account
[2026-09-16 21:04:53] INFO: GET /logo-aphim1.webp
[2026-09-16 21:04:53] INFO: GET /android-chrome-512x512.png
[2026-09-16 21:04:55] INFO: GET /api/settings/public
[2026-09-16 21:04:55] INFO: GET /api/movies/hidden/list
[2026-09-16 21:04:55] INFO: GET /?login=true
[2026-09-16 21:04:55] INFO: GET /logo-aphim1.webp
[2026-09-16 21:04:55] INFO: GET /api/settings/public
[2026-09-16 21:04:55] INFO: GET /api/movies/hidden/list
[2026-09-16 21:04:55] INFO: GET /api/gamification/leaderboard?timeframe=weekly&userId=
[2026-09-16 21:05:21] INFO: GET /api/comments/movie/hen-em-ngay-nhat-thuc
[2026-09-16 21:05:30] INFO: POST /api/auth/register
[2026-09-16 21:05:31] INFO: GET /favicon-32x32.png
[2026-09-16 21:05:37] INFO: New user registered: aphim8899@gmail.com
[2026-09-16 21:05:38] INFO: GET /api/notifications
[2026-09-16 21:05:39] INFO: GET /api/auth/me
[2026-09-16 21:05:40] INFO: GET /profile?tab=account
[2026-09-16 21:05:40] INFO: GET /logo-aphim1.webp
[2026-09-16 21:05:40] INFO: GET /android-chrome-512x512.png
[2026-09-16 21:05:40] INFO: GET /api/settings/public
[2026-09-16 21:05:40] INFO: GET /api/movies/hidden/list
[2026-09-16 21:05:40] INFO: GET /api/notifications
[2026-09-16 21:05:40] INFO: GET /api/gamification/leaderboard?timeframe=weekly&userId=3641323c-6699-492a-8f15-c208761328fe
[2026-09-16 21:05:40] INFO: GET /api/auth/me
[2026-09-16 21:05:47] INFO: GET /
[2026-09-16 21:05:47] INFO: GET /logo-aphim1.webp
[2026-09-16 21:05:47] INFO: GET /api/settings/public
[2026-09-16 21:05:47] INFO: GET /api/movies/hidden/list
[2026-09-16 21:05:47] INFO: GET /api/gamification/leaderboard?timeframe=weekly&userId=
[2026-09-16 21:05:47] INFO: GET /favicon-32x32.png
[2026-09-16 21:06:21] INFO: GET /api/comments/movie/hen-em-ngay-nhat-thuc
[2026-09-16 21:07:21] INFO: GET /api/comments/movie/hen-em-ngay-nhat-thuc
[2026-09-16 21:08:21] INFO: GET /api/comments/movie/hen-em-ngay-nhat-thuc
[2026-09-16 21:09:21] INFO: GET /api/comments/movie/hen-em-ngay-nhat-thuc
[2026-09-16 21:10:21] INFO: GET /api/comments/movie/hen-em-ngay-nhat-thuc
[2026-09-16 21:10:43] INFO: GET /api/comments/stream/hen-em-ngay-nhat-thuc
[2026-09-16 21:11:21] INFO: GET /api/comments/movie/hen-em-ngay-nhat-thuc
[2026-09-16 21:11:26] INFO: GET /api/comments/stream/hen-em-ngay-nhat-thuc
[2026-09-16 21:11:40] INFO: GET /api/comments/stream/hen-em-ngay-nhat-thuc
[2026-09-16 21:12:03] INFO: GET /api/comments/stream/hen-em-ngay-nhat-thuc
[2026-09-16 21:12:21] INFO: GET /api/comments/movie/hen-em-ngay-nhat-thuc
[2026-09-16 21:13:21] INFO: GET /api/comments/movie/hen-em-ngay-nhat-thuc
[2026-09-16 21:13:25] INFO: GET /reset-password
[2026-09-16 21:14:06] INFO: GET /
[2026-09-16 21:14:06] INFO: GET /logo-aphim1.webp
[2026-09-16 21:14:06] INFO: GET /api/settings/public
[2026-09-16 21:14:06] INFO: GET /api/movies/hidden/list
[2026-09-16 21:14:06] INFO: GET /api/gamification/leaderboard?timeframe=weekly&userId=
[2026-09-16 21:14:06] INFO: GET /favicon-32x32.png
[2026-09-16 21:14:09] INFO: POST /api/auth/forgot-password
[2026-09-16 21:14:21] INFO: GET /api/comments/movie/hen-em-ngay-nhat-thuc
[2026-09-16 21:14:43] INFO: GET /reset-password
[2026-09-16 21:14:43] INFO: GET /logo-aphim1.webp
[2026-09-16 21:14:43] INFO: GET /api/movies/hidden/list
[2026-09-16 21:14:43] INFO: GET /api/settings/public
[2026-09-16 21:14:43] INFO: GET /manifest.json
[2026-09-16 21:14:43] INFO: GET /api/notifications
[2026-09-16 21:14:43] INFO: GET /api/gamification/leaderboard?timeframe=weekly&userId=2be1a5cc-d48d-4872-b366-3135128f361b
[2026-09-16 21:14:43] INFO: GET /api/auth/me
[2026-09-16 21:14:44] INFO: GET /apple-touch-icon.png
[2026-09-16 21:14:54] INFO: GET /reset-password
[2026-09-16 21:14:54] INFO: GET /logo-aphim1.webp
[2026-09-16 21:14:54] INFO: GET /api/settings/public
[2026-09-16 21:14:54] INFO: GET /api/movies/hidden/list
[2026-09-16 21:14:54] INFO: GET /api/gamification/leaderboard?timeframe=weekly&userId=
[2026-09-16 21:14:54] INFO: GET /favicon-32x32.png
[2026-09-16 21:15:21] INFO: GET /api/comments/movie/hen-em-ngay-nhat-thuc
[2026-09-16 21:15:48] INFO: POST /api/auth/reset-password
[2026-09-16 21:15:51] INFO: GET /
[2026-09-16 21:15:51] INFO: GET /logo-aphim1.webp
[2026-09-16 21:15:51] INFO: GET /api/settings/public
[2026-09-16 21:15:51] INFO: GET /api/movies/hidden/list
[2026-09-16 21:15:51] INFO: GET /api/gamification/leaderboard?timeframe=weekly&userId=
[2026-09-16 21:15:51] INFO: GET /favicon-32x32.png
[2026-09-16 21:15:54] INFO: POST /api/auth/login
[2026-09-16 21:15:54] WARN: Login failed for aphim8899@gmail.com: Invalid login credentials
[2026-09-16 21:15:59] INFO: POST /api/auth/login
[2026-09-16 21:16:04] INFO: Login successful for aphim8899@gmail.com
[2026-09-16 21:16:04] INFO: GET /api/auth/me
[2026-09-16 21:16:05] INFO: GET /api/notifications
[2026-09-16 21:16:07] INFO: GET /profile?tab=shop
[2026-09-16 21:16:07] INFO: GET /logo-aphim1.webp
[2026-09-16 21:16:07] INFO: GET /api/settings/public
[2026-09-16 21:16:07] INFO: GET /api/movies/hidden/list
[2026-09-16 21:16:07] INFO: GET /android-chrome-512x512.png
[2026-09-16 21:16:07] INFO: GET /api/notifications
[2026-09-16 21:16:07] INFO: GET /api/gamification/leaderboard?timeframe=weekly&userId=3641323c-6699-492a-8f15-c208761328fe
[2026-09-16 21:16:07] INFO: GET /api/auth/me
[2026-09-16 21:16:15] INFO: GET /api/auth/me
[2026-09-16 21:16:21] INFO: GET /api/comments/movie/hen-em-ngay-nhat-thuc
[2026-09-16 21:16:23] INFO: GET /api/auth/me
[2026-09-16 21:16:31] INFO: GET /api/auth/me
[2026-09-16 21:16:33] INFO: GET /api/auth/me
[2026-09-16 21:16:38] INFO: GET /reset-password
[2026-09-16 21:16:39] INFO: GET /api/auth/me
[2026-09-16 21:16:40] INFO: GET /api/auth/me
[2026-09-16 21:16:40] INFO: GET /api/auth/me
[2026-09-16 21:16:44] INFO: GET /api/auth/me
[2026-09-16 21:16:46] INFO: GET /api/auth/me
[2026-09-16 21:16:47] INFO: GET /api/auth/me
[2026-09-16 21:16:47] INFO: GET /api/auth/me
[2026-09-16 21:16:50] INFO: GET /android-chrome-512x512.png
[2026-09-16 21:16:55] INFO: GET /api/auth/me
[2026-09-16 21:17:03] INFO: GET /api/auth/me
[2026-09-16 21:17:09] INFO: GET /
[2026-09-16 21:17:09] INFO: GET /logo-aphim1.webp
[2026-09-16 21:17:09] INFO: GET /api/settings/public
[2026-09-16 21:17:09] INFO: GET /api/movies/hidden/list
[2026-09-16 21:17:09] INFO: GET /api/auth/me
[2026-09-16 21:17:09] INFO: GET /api/notifications
[2026-09-16 21:17:09] INFO: GET /api/gamification/leaderboard?timeframe=weekly&userId=3641323c-6699-492a-8f15-c208761328fe
[2026-09-16 21:17:09] INFO: GET /favicon-32x32.png
[2026-09-16 21:17:17] INFO: GET /api/auth/me
[2026-09-16 21:17:21] INFO: GET /api/comments/movie/hen-em-ngay-nhat-thuc
[2026-09-16 21:17:24] INFO: GET /profile?tab=account
[2026-09-16 21:17:24] INFO: GET /logo-aphim1.webp
[2026-09-16 21:17:24] INFO: GET /android-chrome-512x512.png
[2026-09-16 21:17:24] INFO: GET /api/settings/public
[2026-09-16 21:17:24] INFO: GET /api/movies/hidden/list
[2026-09-16 21:17:24] INFO: GET /api/notifications
[2026-09-16 21:17:25] INFO: GET /api/gamification/leaderboard?timeframe=weekly&userId=3641323c-6699-492a-8f15-c208761328fe
[2026-09-16 21:17:25] INFO: GET /api/auth/me
[2026-09-16 21:17:25] INFO: GET /favicon-32x32.png
[2026-09-16 21:17:32] INFO: GET /api/auth/me
[2026-09-16 21:17:46] INFO: GET /api/auth/me
[2026-09-16 21:17:47] INFO: GET /api/auth/me
[2026-09-16 21:17:49] INFO: GET /api/auth/me
[2026-09-16 21:17:51] INFO: GET /reset-password
[2026-09-16 21:17:51] INFO: GET /logo-aphim1.webp
[2026-09-16 21:17:51] INFO: GET /manifest.json
[2026-09-16 21:17:52] INFO: GET /api/settings/public
[2026-09-16 21:17:52] INFO: GET /api/movies/hidden/list
[2026-09-16 21:17:52] INFO: GET /api/notifications
[2026-09-16 21:17:52] INFO: GET /api/gamification/leaderboard?timeframe=weekly&userId=2be1a5cc-d48d-4872-b366-3135128f361b
[2026-09-16 21:17:52] INFO: GET /api/auth/me
[2026-09-16 21:17:53] INFO: GET /favicon-32x32.png
[2026-09-16 21:17:53] INFO: GET /apple-touch-icon.png
[2026-09-16 21:17:56] INFO: GET /
[2026-09-16 21:17:56] INFO: GET /logo-aphim1.webp
[2026-09-16 21:17:56] INFO: GET /api/settings/public
[2026-09-16 21:17:56] INFO: GET /api/movies/hidden/list
[2026-09-16 21:17:56] INFO: GET /api/notifications
[2026-09-16 21:17:56] INFO: GET /api/gamification/leaderboard?timeframe=weekly&userId=2be1a5cc-d48d-4872-b366-3135128f361b
[2026-09-16 21:17:56] INFO: GET /api/auth/me
[2026-09-16 21:17:57] INFO: GET /manifest.json
[2026-09-16 21:17:57] INFO: GET /apple-touch-icon.png
[2026-09-16 21:17:58] INFO: GET /api/auth/me
[2026-09-16 21:17:58] INFO: GET /apple-touch-icon.png
[2026-09-16 21:18:04] INFO: GET /api/auth/me
[2026-09-16 21:18:07] INFO: GET /manifest.json
[2026-09-16 21:18:07] INFO: GET /.well-known/appspecific/com.chrome.devtools.json
[2026-09-16 21:18:12] INFO: GET /api/auth/me
[2026-09-16 21:18:16] INFO: GET /api/auth/me
[2026-09-16 21:18:21] INFO: GET /api/comments/movie/hen-em-ngay-nhat-thuc
[2026-09-16 21:18:49] INFO: GET /api/auth/me
[2026-09-16 21:18:51] INFO: GET /api/auth/me
[2026-09-16 21:18:53] INFO: GET /
[2026-09-16 21:18:53] INFO: GET /logo-aphim1.webp
[2026-09-16 21:18:53] INFO: GET /api/settings/public
[2026-09-16 21:18:53] INFO: GET /api/movies/hidden/list
[2026-09-16 21:18:53] INFO: GET /manifest.json
[2026-09-16 21:18:54] INFO: GET /api/notifications
[2026-09-16 21:18:54] INFO: GET /api/gamification/leaderboard?timeframe=weekly&userId=2be1a5cc-d48d-4872-b366-3135128f361b
[2026-09-16 21:18:54] INFO: GET /api/auth/me
[2026-09-16 21:19:01] INFO: GET /apple-touch-icon.png
[2026-09-16 21:19:21] INFO: GET /api/comments/movie/hen-em-ngay-nhat-thuc
[2026-09-16 21:19:40] INFO: GET /api/comments/movie/hen-em-ngay-nhat-thuc
[2026-09-16 21:19:42] INFO: GET /profile?tab=account
[2026-09-16 21:19:42] INFO: GET /logo-aphim1.webp
[2026-09-16 21:19:42] INFO: GET /api/settings/public
[2026-09-16 21:19:42] INFO: GET /api/movies/hidden/list
[2026-09-16 21:19:42] INFO: GET /android-chrome-512x512.png
[2026-09-16 21:19:43] INFO: GET /api/gamification/leaderboard?timeframe=weekly&userId=2be1a5cc-d48d-4872-b366-3135128f361b
[2026-09-16 21:19:43] INFO: GET /api/comments/movie/hen-em-ngay-nhat-thuc
[2026-09-16 21:19:51] INFO: GET /android-chrome-512x512.png
[2026-09-16 21:19:56] INFO: GET /manifest.json
[2026-09-16 21:19:56] INFO: GET /.well-known/appspecific/com.chrome.devtools.json
[2026-09-16 21:20:18] INFO: GET /favicon-32x32.png
[2026-09-16 21:21:21] INFO: GET /reset-password
[2026-09-16 21:21:42] INFO: GET /.well-known/appspecific/com.chrome.devtools.json
[2026-09-16 21:21:42] INFO: GET /manifest.json
